County,Choice_Party,Total_Votes,Year,Lat.y,Long.y
ALAMANCE,DEM,17459,2000,NA,NA
ALAMANCE,REP,29305,2000,NA,NA
ALEXANDER,DEM,4166,2000,35.921,-81.177
ALEXANDER,REP,9242,2000,35.921,-81.177
ALLEGHANY,DEM,1715,2000,36.4916,-81.1271
ALLEGHANY,REP,2531,2000,36.4916,-81.1271
ANSON,DEM,4792,2000,34.9738,-80.1027
ANSON,REP,3161,2000,34.9738,-80.1027
ASHE,DEM,4011,2000,36.4341,-81.5003
ASHE,REP,6226,2000,36.4341,-81.5003
AVERY,DEM,1686,2000,36.0765,-81.9226
AVERY,REP,4956,2000,36.0765,-81.9226
BEAUFORT,DEM,6634,2000,35.494,-76.8598
BEAUFORT,REP,10531,2000,35.494,-76.8598
BERTIE,DEM,4660,2000,36.0662,-76.9787
BERTIE,REP,2488,2000,36.0662,-76.9787
BLADEN,DEM,5889,2000,34.6146,-78.5637
BLADEN,REP,4977,2000,34.6146,-78.5637
BRUNSWICK,DEM,13118,2000,34.071,-78.2377
BRUNSWICK,REP,15427,2000,34.071,-78.2377
BUNCOMBE,DEM,38545,2000,35.6112,-82.5301
BUNCOMBE,REP,46101,2000,35.6112,-82.5301
BURKE,DEM,11924,2000,35.7496,-81.7048
BURKE,REP,18466,2000,35.7496,-81.7048
CABARRUS,DEM,16284,2000,35.3868,-80.5519
CABARRUS,REP,32704,2000,35.3868,-80.5519
CALDWELL,DEM,8588,2000,35.953,-81.5464
CALDWELL,REP,17337,2000,35.953,-81.5464
CAMDEN,DEM,1187,2000,36.3877,-76.2064
CAMDEN,REP,1628,2000,36.3877,-76.2064
CARTERET,DEM,7998,2000,34.8357,-76.6589
CARTERET,REP,15317,2000,34.8357,-76.6589
CASWELL,DEM,4091,2000,36.3932,-79.3335
CASWELL,REP,4270,2000,36.3932,-79.3335
CATAWBA,DEM,16246,2000,35.662,-81.2151
CATAWBA,REP,34244,2000,35.662,-81.2151
CHATHAM,DEM,10461,2000,35.7026,-79.2553
CHATHAM,REP,10248,2000,35.7026,-79.2553
CHEROKEE,DEM,3239,2000,35.1339,-84.0635
CHEROKEE,REP,6305,2000,35.1339,-84.0635
CHOWAN,DEM,2430,2000,36.1508,-76.6079
CHOWAN,REP,2415,2000,36.1508,-76.6079
CLAY,DEM,1361,2000,35.0572,-83.7502
CLAY,REP,2416,2000,35.0572,-83.7502
CLEVELAND,DEM,13455,2000,35.3341,-81.5555
CLEVELAND,REP,19064,2000,35.3341,-81.5555
COLUMBUS,DEM,9986,2000,34.2656,-78.655
COLUMBUS,REP,8342,2000,34.2656,-78.655
CRAVEN,DEM,12213,2000,35.1249,-77.0939
CRAVEN,REP,19494,2000,35.1249,-77.0939
CUMBERLAND,DEM,38626,2000,35.0487,-78.8277
CUMBERLAND,REP,38129,2000,35.0487,-78.8277
CURRITUCK,DEM,2595,2000,36.4031,-76.0059
CURRITUCK,REP,4095,2000,36.4031,-76.0059
DARE,DEM,5589,2000,35.7805,-75.7982
DARE,REP,7301,2000,35.7805,-75.7982
DAVIDSON,DEM,16199,2000,35.7933,-80.2128
DAVIDSON,REP,35387,2000,35.7933,-80.2128
DAVIE,DEM,3651,2000,35.9291,-80.5445
DAVIE,REP,10184,2000,35.9291,-80.5445
DUPLIN,DEM,6475,2000,34.9365,-77.933
DUPLIN,REP,7840,2000,34.9365,-77.933
DURHAM,DEM,46626,2000,36.036,-78.8766
DURHAM,REP,25979,2000,36.036,-78.8766
EDGECOMBE,DEM,11315,2000,35.9129,-77.5971
EDGECOMBE,REP,6836,2000,35.9129,-77.5971
FORSYTH,DEM,52457,2000,36.1306,-80.2563
FORSYTH,REP,67700,2000,36.1306,-80.2563
FRANKLIN,DEM,7454,2000,36.0827,-78.2857
FRANKLIN,REP,8501,2000,36.0827,-78.2857
GASTON,DEM,19281,2000,35.2944,-81.1803
GASTON,REP,39453,2000,35.2944,-81.1803
GATES,DEM,1944,2000,36.4449,-76.7005
GATES,REP,1480,2000,36.4449,-76.7005
GRAHAM,DEM,1006,2000,35.3502,-83.8335
GRAHAM,REP,2304,2000,35.3502,-83.8335
GRANVILLE,DEM,7733,2000,36.304,-78.6527
GRANVILLE,REP,7364,2000,36.304,-78.6527
GREENE,DEM,2478,2000,35.485,-77.6758
GREENE,REP,3353,2000,35.485,-77.6758
GUILFORD,DEM,79912,2000,36.0795,-79.7889
GUILFORD,REP,82087,2000,36.0795,-79.7889
HALIFAX,DEM,10222,2000,36.2574,-77.6517
HALIFAX,REP,6698,2000,36.2574,-77.6517
HARNETT,DEM,9155,2000,35.3688,-78.8693
HARNETT,REP,14762,2000,35.3688,-78.8693
HAYWOOD,DEM,9287,2000,35.556,-82.9822
HAYWOOD,REP,11605,2000,35.556,-82.9822
HENDERSON,DEM,11434,2000,35.3363,-82.48
HENDERSON,REP,23382,2000,35.3363,-82.48
HERTFORD,DEM,5484,2000,36.3591,-76.982
HERTFORD,REP,2382,2000,36.3591,-76.982
HOKE,DEM,5017,2000,35.0175,-79.2373
HOKE,REP,3439,2000,35.0175,-79.2373
HYDE,DEM,1088,2000,35.5305,-76.2509
HYDE,REP,1132,2000,35.5305,-76.2509
IREDELL,DEM,15434,2000,35.8071,-80.8734
IREDELL,REP,29853,2000,35.8071,-80.8734
JACKSON,DEM,5722,2000,35.2876,-83.1408
JACKSON,REP,6237,2000,35.2876,-83.1408
JOHNSTON,DEM,13704,2000,35.5178,-78.3657
JOHNSTON,REP,27212,2000,35.5178,-78.3657
JONES,DEM,1822,2000,35.0217,-77.3552
JONES,REP,2114,2000,35.0217,-77.3552
LEE,DEM,6785,2000,35.4752,-79.1715
LEE,REP,9406,2000,35.4752,-79.1715
LENOIR,DEM,9527,2000,35.2388,-77.6412
LENOIR,REP,11512,2000,35.2388,-77.6412
LINCOLN,DEM,8412,2000,35.4856,-81.2235
LINCOLN,REP,15951,2000,35.4856,-81.2235
MACON,DEM,4683,2000,35.1505,-83.4222
MACON,REP,8406,2000,35.1505,-83.4222
MADISON,DEM,3505,2000,35.858,-82.7058
MADISON,REP,4676,2000,35.858,-82.7058
MARTIN,DEM,4929,2000,35.8432,-77.1092
MARTIN,REP,4420,2000,35.8432,-77.1092
MCDOWELL,DEM,4747,2000,35.6817,-82.0493
MCDOWELL,REP,9109,2000,35.6817,-82.0493
MECKLENBURG,DEM,126911,2000,35.2467,-80.8328
MECKLENBURG,REP,134068,2000,35.2467,-80.8328
MITCHELL,DEM,1535,2000,36.0133,-82.1636
MITCHELL,REP,4984,2000,36.0133,-82.1636
MONTGOMERY,DEM,3979,2000,35.3325,-79.9055
MONTGOMERY,REP,4946,2000,35.3325,-79.9055
MOORE,DEM,11174,2000,35.3106,-79.4814
MOORE,REP,19822,2000,35.3106,-79.4814
NASH,DEM,12376,2000,35.9673,-77.9864
NASH,REP,17995,2000,35.9673,-77.9864
NEW HANOVER,DEM,29292,2000,34.2328,-77.8847
NEW HANOVER,REP,36503,2000,34.2328,-77.8847
NORTHAMPTON,DEM,5513,2000,36.4178,-77.3969
NORTHAMPTON,REP,2667,2000,36.4178,-77.3969
ONSLOW,DEM,10269,2000,34.7321,-77.4321
ONSLOW,REP,19657,2000,34.7321,-77.4321
ORANGE,DEM,30921,2000,36.0611,-79.1207
ORANGE,REP,17930,2000,36.0611,-79.1207
PAMLICO,DEM,2188,2000,35.1435,-76.7407
PAMLICO,REP,2999,2000,35.1435,-76.7407
PASQUOTANK,DEM,5874,2000,36.2955,-76.284
PASQUOTANK,REP,4943,2000,36.2955,-76.284
PENDER,DEM,6415,2000,34.5248,-77.9051
PENDER,REP,7661,2000,34.5248,-77.9051
PERQUIMANS,DEM,2033,2000,36.2059,-76.4411
PERQUIMANS,REP,2230,2000,36.2059,-76.4411
PERSON,DEM,5042,2000,36.39,-78.9718
PERSON,REP,6722,2000,36.39,-78.9718
PITT,DEM,19685,2000,35.5933,-77.3745
PITT,REP,23192,2000,35.5933,-77.3745
POLK,DEM,3114,2000,35.2793,-82.1697
POLK,REP,5074,2000,35.2793,-82.1697
RANDOLPH,DEM,11366,2000,35.7103,-79.806
RANDOLPH,REP,30959,2000,35.7103,-79.806
RICHMOND,DEM,7935,2000,35.0059,-79.7479
RICHMOND,REP,6263,2000,35.0059,-79.7479
ROBESON,DEM,17834,2000,34.6402,-79.1039
ROBESON,REP,11721,2000,34.6402,-79.1039
ROCKINGHAM,DEM,13260,2000,36.396,-79.775
ROCKINGHAM,REP,18979,2000,36.396,-79.775
ROWAN,DEM,14891,2000,35.6394,-80.5247
ROWAN,REP,28922,2000,35.6394,-80.5247
RUTHERFORD,DEM,7697,2000,35.4026,-81.9198
RUTHERFORD,REP,13755,2000,35.4026,-81.9198
SAMPSON,DEM,8768,2000,34.9916,-78.3714
SAMPSON,REP,10410,2000,34.9916,-78.3714
SCOTLAND,DEM,5627,2000,34.8409,-79.4804
SCOTLAND,REP,3740,2000,34.8409,-79.4804
STANLY,DEM,7066,2000,35.3119,-80.251
STANLY,REP,15548,2000,35.3119,-80.251
STOKES,DEM,5030,2000,36.4019,-80.2397
STOKES,REP,12028,2000,36.4019,-80.2397
SURRY,DEM,7757,2000,36.4146,-80.688
SURRY,REP,15401,2000,36.4146,-80.688
SWAIN,DEM,2097,2000,35.4868,-83.4928
SWAIN,REP,2224,2000,35.4868,-83.4928
TRANSYLVANIA,DEM,5044,2000,35.2021,-82.7982
TRANSYLVANIA,REP,9011,2000,35.2021,-82.7982
TYRRELL,DEM,849,2000,35.8172,-76.209
TYRRELL,REP,706,2000,35.8172,-76.209
UNION,DEM,14890,2000,34.9884,-80.5307
UNION,REP,31876,2000,34.9884,-80.5307
VANCE,DEM,7092,2000,36.3649,-78.4079
VANCE,REP,5564,2000,36.3649,-78.4079
WAKE,DEM,123466,2000,35.7903,-78.6503
WAKE,REP,142494,2000,35.7903,-78.6503
WARREN,DEM,4576,2000,36.3965,-78.1067
WARREN,REP,2202,2000,36.3965,-78.1067
WASHINGTON,DEM,2704,2000,35.8226,-76.5775
WASHINGTON,REP,2169,2000,35.8226,-76.5775
WATAUGA,DEM,7959,2000,36.2311,-81.6964
WATAUGA,REP,10438,2000,36.2311,-81.6964
WAYNE,DEM,13005,2000,35.364,-78.004
WAYNE,REP,20758,2000,35.364,-78.004
WILKES,DEM,7226,2000,36.2062,-81.163
WILKES,REP,16826,2000,36.2062,-81.163
WILSON,DEM,11266,2000,35.7051,-77.9187
WILSON,REP,13466,2000,35.7051,-77.9187
YADKIN,DEM,3127,2000,36.1605,-80.6652
YADKIN,REP,10435,2000,36.1605,-80.6652
YANCEY,DEM,3714,2000,35.8989,-82.3076
YANCEY,REP,4970,2000,35.8989,-82.3076
ALAMANCE,DEM,28918,2008,NA,NA
ALAMANCE,REP,34859,2008,NA,NA
ALEXANDER,DEM,5167,2008,35.921,-81.177
ALEXANDER,REP,11790,2008,35.921,-81.177
ALLEGHANY,DEM,2021,2008,36.4916,-81.1271
ALLEGHANY,REP,3124,2008,36.4916,-81.1271
ANSON,DEM,6456,2008,34.9738,-80.1027
ANSON,REP,4207,2008,34.9738,-80.1027
ASHE,DEM,4872,2008,36.4341,-81.5003
ASHE,REP,7916,2008,36.4341,-81.5003
AVERY,DEM,2178,2008,36.0765,-81.9226
AVERY,REP,5681,2008,36.0765,-81.9226
BEAUFORT,DEM,9454,2008,35.494,-76.8598
BEAUFORT,REP,13460,2008,35.494,-76.8598
BERTIE,DEM,6365,2008,36.0662,-76.9787
BERTIE,REP,3376,2008,36.0662,-76.9787
BLADEN,DEM,7853,2008,34.6146,-78.5637
BLADEN,REP,7532,2008,34.6146,-78.5637
BRUNSWICK,DEM,21331,2008,34.071,-78.2377
BRUNSWICK,REP,30753,2008,34.071,-78.2377
BUNCOMBE,DEM,69716,2008,35.6112,-82.5301
BUNCOMBE,REP,52494,2008,35.6112,-82.5301
BURKE,DEM,14901,2008,35.7496,-81.7048
BURKE,REP,22102,2008,35.7496,-81.7048
CABARRUS,DEM,31546,2008,35.3868,-80.5519
CABARRUS,REP,45924,2008,35.3868,-80.5519
CALDWELL,DEM,12081,2008,35.953,-81.5464
CALDWELL,REP,22526,2008,35.953,-81.5464
CAMDEN,DEM,1597,2008,36.3877,-76.2064
CAMDEN,REP,3140,2008,36.3877,-76.2064
CARTERET,DEM,11130,2008,34.8357,-76.6589
CARTERET,REP,23131,2008,34.8357,-76.6589
CASWELL,DEM,5545,2008,36.3932,-79.3335
CASWELL,REP,5208,2008,36.3932,-79.3335
CATAWBA,DEM,25656,2008,35.662,-81.2151
CATAWBA,REP,42993,2008,35.662,-81.2151
CHATHAM,DEM,17862,2008,35.7026,-79.2553
CHATHAM,REP,14668,2008,35.7026,-79.2553
CHEROKEE,DEM,3785,2008,35.1339,-84.0635
CHEROKEE,REP,8643,2008,35.1339,-84.0635
CHOWAN,DEM,3688,2008,36.1508,-76.6079
CHOWAN,REP,3773,2008,36.1508,-76.6079
CLAY,DEM,1734,2008,35.0572,-83.7502
CLAY,REP,3707,2008,35.0572,-83.7502
CLEVELAND,DEM,17363,2008,35.3341,-81.5555
CLEVELAND,REP,26078,2008,35.3341,-81.5555
COLUMBUS,DEM,11076,2008,34.2656,-78.655
COLUMBUS,REP,12994,2008,34.2656,-78.655
CRAVEN,DEM,19352,2008,35.1249,-77.0939
CRAVEN,REP,24901,2008,35.1249,-77.0939
CUMBERLAND,DEM,74693,2008,35.0487,-78.8277
CUMBERLAND,REP,52151,2008,35.0487,-78.8277
CURRITUCK,DEM,3737,2008,36.4031,-76.0059
CURRITUCK,REP,7234,2008,36.4031,-76.0059
DARE,DEM,8074,2008,35.7805,-75.7982
DARE,REP,9745,2008,35.7805,-75.7982
DAVIDSON,DEM,22433,2008,35.7933,-80.2128
DAVIDSON,REP,45419,2008,35.7933,-80.2128
DAVIE,DEM,6178,2008,35.9291,-80.5445
DAVIE,REP,13981,2008,35.9291,-80.5445
DUPLIN,DEM,8958,2008,34.9365,-77.933
DUPLIN,REP,10834,2008,34.9365,-77.933
DURHAM,DEM,103456,2008,36.036,-78.8766
DURHAM,REP,32353,2008,36.036,-78.8766
EDGECOMBE,DEM,17403,2008,35.9129,-77.5971
EDGECOMBE,REP,8445,2008,35.9129,-77.5971
FORSYTH,DEM,91085,2008,36.1306,-80.2563
FORSYTH,REP,73674,2008,36.1306,-80.2563
FRANKLIN,DEM,13085,2008,36.0827,-78.2857
FRANKLIN,REP,13273,2008,36.0827,-78.2857
GASTON,DEM,31384,2008,35.2944,-81.1803
GASTON,REP,52507,2008,35.2944,-81.1803
GATES,DEM,2830,2008,36.4449,-76.7005
GATES,REP,2547,2008,36.4449,-76.7005
GRAHAM,DEM,1265,2008,35.3502,-83.8335
GRAHAM,REP,2824,2008,35.3502,-83.8335
GRANVILLE,DEM,13074,2008,36.304,-78.6527
GRANVILLE,REP,11447,2008,36.304,-78.6527
GREENE,DEM,3796,2008,35.485,-77.6758
GREENE,REP,4272,2008,35.485,-77.6758
GUILFORD,DEM,142101,2008,36.0795,-79.7889
GUILFORD,REP,97718,2008,36.0795,-79.7889
HALIFAX,DEM,16047,2008,36.2574,-77.6517
HALIFAX,REP,8961,2008,36.2574,-77.6517
HARNETT,DEM,16785,2008,35.3688,-78.8693
HARNETT,REP,23579,2008,35.3688,-78.8693
HAYWOOD,DEM,12730,2008,35.556,-82.9822
HAYWOOD,REP,14910,2008,35.556,-82.9822
HENDERSON,DEM,20082,2008,35.3363,-82.48
HENDERSON,REP,30930,2008,35.3363,-82.48
HERTFORD,DEM,7513,2008,36.3591,-76.982
HERTFORD,REP,3089,2008,36.3591,-76.982
HOKE,DEM,9227,2008,35.0175,-79.2373
HOKE,REP,6293,2008,35.0175,-79.2373
HYDE,DEM,1241,2008,35.5305,-76.2509
HYDE,REP,1212,2008,35.5305,-76.2509
IREDELL,DEM,27318,2008,35.8071,-80.8734
IREDELL,REP,45148,2008,35.8071,-80.8734
JACKSON,DEM,8766,2008,35.2876,-83.1408
JACKSON,REP,7854,2008,35.2876,-83.1408
JOHNSTON,DEM,26795,2008,35.5178,-78.3657
JOHNSTON,REP,43622,2008,35.5178,-78.3657
JONES,DEM,2378,2008,35.0217,-77.3552
JONES,REP,2817,2008,35.0217,-77.3552
LEE,DEM,10784,2008,35.4752,-79.1715
LEE,REP,12775,2008,35.4752,-79.1715
LENOIR,DEM,13378,2008,35.2388,-77.6412
LENOIR,REP,13401,2008,35.2388,-77.6412
LINCOLN,DEM,11713,2008,35.4856,-81.2235
LINCOLN,REP,23631,2008,35.4856,-81.2235
MACON,DEM,6620,2008,35.1505,-83.4222
MACON,REP,10317,2008,35.1505,-83.4222
MADISON,DEM,5026,2008,35.858,-82.7058
MADISON,REP,5192,2008,35.858,-82.7058
MARTIN,DEM,6539,2008,35.8432,-77.1092
MARTIN,REP,5957,2008,35.8432,-77.1092
MCDOWELL,DEM,6571,2008,35.6817,-82.0493
MCDOWELL,REP,11534,2008,35.6817,-82.0493
MECKLENBURG,DEM,253958,2008,35.2467,-80.8328
MECKLENBURG,REP,153848,2008,35.2467,-80.8328
MITCHELL,DEM,2238,2008,36.0133,-82.1636
MITCHELL,REP,5499,2008,36.0133,-82.1636
MONTGOMERY,DEM,4926,2008,35.3325,-79.9055
MONTGOMERY,REP,6155,2008,35.3325,-79.9055
MOORE,DEM,17624,2008,35.3106,-79.4814
MOORE,REP,27314,2008,35.3106,-79.4814
NASH,DEM,23099,2008,35.9673,-77.9864
NASH,REP,23728,2008,35.9673,-77.9864
NEW HANOVER,DEM,49145,2008,34.2328,-77.8847
NEW HANOVER,REP,50544,2008,34.2328,-77.8847
NORTHAMPTON,DEM,6903,2008,36.4178,-77.3969
NORTHAMPTON,REP,3671,2008,36.4178,-77.3969
ONSLOW,DEM,19499,2008,34.7321,-77.4321
ONSLOW,REP,30278,2008,34.7321,-77.4321
ORANGE,DEM,53806,2008,36.0611,-79.1207
ORANGE,REP,20266,2008,36.0611,-79.1207
PAMLICO,DEM,2838,2008,35.1435,-76.7407
PAMLICO,REP,3823,2008,35.1435,-76.7407
PASQUOTANK,DEM,10272,2008,36.2955,-76.284
PASQUOTANK,REP,7778,2008,36.2955,-76.284
PENDER,DEM,9907,2008,34.5248,-77.9051
PENDER,REP,13618,2008,34.5248,-77.9051
PERQUIMANS,DEM,2772,2008,36.2059,-76.4411
PERQUIMANS,REP,3678,2008,36.2059,-76.4411
PERSON,DEM,8446,2008,36.39,-78.9718
PERSON,REP,10030,2008,36.39,-78.9718
PITT,DEM,40501,2008,35.5933,-77.3745
PITT,REP,33927,2008,35.5933,-77.3745
POLK,DEM,4396,2008,35.2793,-82.1697
POLK,REP,5990,2008,35.2793,-82.1697
RANDOLPH,DEM,16414,2008,35.7103,-79.806
RANDOLPH,REP,40998,2008,35.7103,-79.806
RICHMOND,DEM,9713,2008,35.0059,-79.7479
RICHMOND,REP,9424,2008,35.0059,-79.7479
ROBESON,DEM,23058,2008,34.6402,-79.1039
ROBESON,REP,17433,2008,34.6402,-79.1039
ROCKINGHAM,DEM,17255,2008,36.396,-79.775
ROCKINGHAM,REP,23899,2008,36.396,-79.775
ROWAN,DEM,23391,2008,35.6394,-80.5247
ROWAN,REP,37451,2008,35.6394,-80.5247
RUTHERFORD,DEM,9641,2008,35.4026,-81.9198
RUTHERFORD,REP,18769,2008,35.4026,-81.9198
SAMPSON,DEM,11836,2008,34.9916,-78.3714
SAMPSON,REP,14038,2008,34.9916,-78.3714
SCOTLAND,DEM,8151,2008,34.8409,-79.4804
SCOTLAND,REP,6005,2008,34.8409,-79.4804
STANLY,DEM,8878,2008,35.3119,-80.251
STANLY,REP,19329,2008,35.3119,-80.251
STOKES,DEM,6875,2008,36.4019,-80.2397
STOKES,REP,14488,2008,36.4019,-80.2397
SURRY,DEM,10475,2008,36.4146,-80.688
SURRY,REP,18730,2008,36.4146,-80.688
SWAIN,DEM,2806,2008,35.4868,-83.4928
SWAIN,REP,2900,2008,35.4868,-83.4928
TRANSYLVANIA,DEM,7275,2008,35.2021,-82.7982
TRANSYLVANIA,REP,9401,2008,35.2021,-82.7982
TYRRELL,DEM,933,2008,35.8172,-76.209
TYRRELL,REP,960,2008,35.8172,-76.209
UNION,DEM,31189,2008,34.9884,-80.5307
UNION,REP,54123,2008,34.9884,-80.5307
VANCE,DEM,13166,2008,36.3649,-78.4079
VANCE,REP,7606,2008,36.3649,-78.4079
WAKE,DEM,250891,2008,35.7903,-78.6503
WAKE,REP,187001,2008,35.7903,-78.6503
WARREN,DEM,7086,2008,36.3965,-78.1067
WARREN,REP,3063,2008,36.3965,-78.1067
WASHINGTON,DEM,3748,2008,35.8226,-76.5775
WASHINGTON,REP,2670,2008,35.8226,-76.5775
WATAUGA,DEM,14558,2008,36.2311,-81.6964
WATAUGA,REP,13344,2008,36.2311,-81.6964
WAYNE,DEM,22671,2008,35.364,-78.004
WAYNE,REP,26952,2008,35.364,-78.004
WILKES,DEM,8934,2008,36.2062,-81.163
WILKES,REP,20288,2008,36.2062,-81.163
WILSON,DEM,19652,2008,35.7051,-77.9187
WILSON,REP,17375,2008,35.7051,-77.9187
YADKIN,DEM,4527,2008,36.1605,-80.6652
YADKIN,REP,12409,2008,36.1605,-80.6652
YANCEY,DEM,4486,2008,35.8989,-82.3076
YANCEY,REP,5045,2008,35.8989,-82.3076
ALAMANCE,DEM,28875,2012,NA,NA
ALAMANCE,REP,38170,2012,NA,NA
ALEXANDER,DEM,4611,2012,35.921,-81.177
ALEXANDER,REP,12253,2012,35.921,-81.177
ALLEGHANY,DEM,1583,2012,36.4916,-81.1271
ALLEGHANY,REP,3390,2012,36.4916,-81.1271
ANSON,DEM,7019,2012,34.9738,-80.1027
ANSON,REP,4166,2012,34.9738,-80.1027
ASHE,DEM,4116,2012,36.4341,-81.5003
ASHE,REP,8242,2012,36.4341,-81.5003
AVERY,DEM,1882,2012,36.0765,-81.9226
AVERY,REP,5766,2012,36.0765,-81.9226
BEAUFORT,DEM,9435,2012,35.494,-76.8598
BEAUFORT,REP,13977,2012,35.494,-76.8598
BERTIE,DEM,6695,2012,36.0662,-76.9787
BERTIE,REP,3387,2012,36.0662,-76.9787
BLADEN,DEM,8062,2012,34.6146,-78.5637
BLADEN,REP,7748,2012,34.6146,-78.5637
BRUNSWICK,DEM,22038,2012,34.071,-78.2377
BRUNSWICK,REP,34743,2012,34.071,-78.2377
BUNCOMBE,DEM,70625,2012,35.6112,-82.5301
BUNCOMBE,REP,54701,2012,35.6112,-82.5301
BURKE,DEM,13701,2012,35.7496,-81.7048
BURKE,REP,22267,2012,35.7496,-81.7048
CABARRUS,DEM,32849,2012,35.3868,-80.5519
CABARRUS,REP,49557,2012,35.3868,-80.5519
CALDWELL,DEM,10898,2012,35.953,-81.5464
CALDWELL,REP,23229,2012,35.953,-81.5464
CAMDEN,DEM,1508,2012,36.3877,-76.2064
CAMDEN,REP,3109,2012,36.3877,-76.2064
CARTERET,DEM,10301,2012,34.8357,-76.6589
CARTERET,REP,24775,2012,34.8357,-76.6589
CASWELL,DEM,5348,2012,36.3932,-79.3335
CASWELL,REP,5594,2012,36.3932,-79.3335
CATAWBA,DEM,24069,2012,35.662,-81.2151
CATAWBA,REP,44538,2012,35.662,-81.2151
CHATHAM,DEM,18361,2012,35.7026,-79.2553
CHATHAM,REP,16665,2012,35.7026,-79.2553
CHEROKEE,DEM,3378,2012,35.1339,-84.0635
CHEROKEE,REP,9278,2012,35.1339,-84.0635
CHOWAN,DEM,3556,2012,36.1508,-76.6079
CHOWAN,REP,3891,2012,36.1508,-76.6079
CLAY,DEM,1579,2012,35.0572,-83.7502
CLAY,REP,3973,2012,35.0572,-83.7502
CLEVELAND,DEM,17062,2012,35.3341,-81.5555
CLEVELAND,REP,25793,2012,35.3341,-81.5555
COLUMBUS,DEM,11050,2012,34.2656,-78.655
COLUMBUS,REP,12941,2012,34.2656,-78.655
CRAVEN,DEM,18763,2012,35.1249,-77.0939
CRAVEN,REP,26928,2012,35.1249,-77.0939
CUMBERLAND,DEM,75792,2012,35.0487,-78.8277
CUMBERLAND,REP,50666,2012,35.0487,-78.8277
CURRITUCK,DEM,3562,2012,36.4031,-76.0059
CURRITUCK,REP,7496,2012,36.4031,-76.0059
DARE,DEM,7393,2012,35.7805,-75.7982
DARE,REP,10248,2012,35.7805,-75.7982
DAVIDSON,DEM,20624,2012,35.7933,-80.2128
DAVIDSON,REP,49383,2012,35.7933,-80.2128
DAVIE,DEM,5735,2012,35.9291,-80.5445
DAVIE,REP,14687,2012,35.9291,-80.5445
DUPLIN,DEM,9033,2012,34.9365,-77.933
DUPLIN,REP,11416,2012,34.9365,-77.933
DURHAM,DEM,111224,2012,36.036,-78.8766
DURHAM,REP,33769,2012,36.036,-78.8766
EDGECOMBE,DEM,18310,2012,35.9129,-77.5971
EDGECOMBE,REP,8546,2012,35.9129,-77.5971
FORSYTH,DEM,92323,2012,36.1306,-80.2563
FORSYTH,REP,79768,2012,36.1306,-80.2563
FRANKLIN,DEM,13436,2012,36.0827,-78.2857
FRANKLIN,REP,14603,2012,36.0827,-78.2857
GASTON,DEM,33171,2012,35.2944,-81.1803
GASTON,REP,56138,2012,35.2944,-81.1803
GATES,DEM,2786,2012,36.4449,-76.7005
GATES,REP,2564,2012,36.4449,-76.7005
GRAHAM,DEM,1119,2012,35.3502,-83.8335
GRAHAM,REP,2750,2012,35.3502,-83.8335
GRANVILLE,DEM,13598,2012,36.304,-78.6527
GRANVILLE,REP,12405,2012,36.304,-78.6527
GREENE,DEM,3778,2012,35.485,-77.6758
GREENE,REP,4411,2012,35.485,-77.6758
GUILFORD,DEM,146365,2012,36.0795,-79.7889
GUILFORD,REP,104789,2012,36.0795,-79.7889
HALIFAX,DEM,17176,2012,36.2574,-77.6517
HALIFAX,REP,8763,2012,36.2574,-77.6517
HARNETT,DEM,17331,2012,35.3688,-78.8693
HARNETT,REP,25565,2012,35.3688,-78.8693
HAYWOOD,DEM,11833,2012,35.556,-82.9822
HAYWOOD,REP,15633,2012,35.556,-82.9822
HENDERSON,DEM,18642,2012,35.3363,-82.48
HENDERSON,REP,32994,2012,35.3363,-82.48
HERTFORD,DEM,7843,2012,36.3591,-76.982
HERTFORD,REP,3007,2012,36.3591,-76.982
HOKE,DEM,10076,2012,35.0175,-79.2373
HOKE,REP,6819,2012,35.0175,-79.2373
HYDE,DEM,1163,2012,35.5305,-76.2509
HYDE,REP,1193,2012,35.5305,-76.2509
IREDELL,DEM,26076,2012,35.8071,-80.8734
IREDELL,REP,49299,2012,35.8071,-80.8734
JACKSON,DEM,8095,2012,35.2876,-83.1408
JACKSON,REP,8254,2012,35.2876,-83.1408
JOHNSTON,DEM,27290,2012,35.5178,-78.3657
JOHNSTON,REP,48427,2012,35.5178,-78.3657
JONES,DEM,2352,2012,35.0217,-77.3552
JONES,REP,2837,2012,35.0217,-77.3552
LEE,DEM,10801,2012,35.4752,-79.1715
LEE,REP,13158,2012,35.4752,-79.1715
LENOIR,DEM,13948,2012,35.2388,-77.6412
LENOIR,REP,13980,2012,35.2388,-77.6412
LINCOLN,DEM,11024,2012,35.4856,-81.2235
LINCOLN,REP,25267,2012,35.4856,-81.2235
MACON,DEM,5712,2012,35.1505,-83.4222
MACON,REP,10835,2012,35.1505,-83.4222
MADISON,DEM,4484,2012,35.858,-82.7058
MADISON,REP,5404,2012,35.858,-82.7058
MARTIN,DEM,6583,2012,35.8432,-77.1092
MARTIN,REP,5995,2012,35.8432,-77.1092
MCDOWELL,DEM,6031,2012,35.6817,-82.0493
MCDOWELL,REP,11775,2012,35.6817,-82.0493
MECKLENBURG,DEM,272262,2012,35.2467,-80.8328
MECKLENBURG,REP,171668,2012,35.2467,-80.8328
MITCHELL,DEM,1838,2012,36.0133,-82.1636
MITCHELL,REP,5806,2012,36.0133,-82.1636
MONTGOMERY,DEM,4706,2012,35.3325,-79.9055
MONTGOMERY,REP,6404,2012,35.3325,-79.9055
MOORE,DEM,16505,2012,35.3106,-79.4814
MOORE,REP,29495,2012,35.3106,-79.4814
NASH,DEM,24313,2012,35.9673,-77.9864
NASH,REP,23842,2012,35.9673,-77.9864
NEW HANOVER,DEM,48668,2012,34.2328,-77.8847
NEW HANOVER,REP,53385,2012,34.2328,-77.8847
NORTHAMPTON,DEM,7232,2012,36.4178,-77.3969
NORTHAMPTON,REP,3483,2012,36.4178,-77.3969
ONSLOW,DEM,18490,2012,34.7321,-77.4321
ONSLOW,REP,32243,2012,34.7321,-77.4321
ORANGE,DEM,53901,2012,36.0611,-79.1207
ORANGE,REP,21539,2012,36.0611,-79.1207
PAMLICO,DEM,2647,2012,35.1435,-76.7407
PAMLICO,REP,4051,2012,35.1435,-76.7407
PASQUOTANK,DEM,10282,2012,36.2955,-76.284
PASQUOTANK,REP,7633,2012,36.2955,-76.284
PENDER,DEM,9632,2012,34.5248,-77.9051
PENDER,REP,14617,2012,34.5248,-77.9051
PERQUIMANS,DEM,2759,2012,36.2059,-76.4411
PERQUIMANS,REP,3822,2012,36.2059,-76.4411
PERSON,DEM,8418,2012,36.39,-78.9718
PERSON,REP,10496,2012,36.39,-78.9718
PITT,DEM,41843,2012,35.5933,-77.3745
PITT,REP,36214,2012,35.5933,-77.3745
POLK,DEM,4013,2012,35.2793,-82.1697
POLK,REP,6236,2012,35.2793,-82.1697
RANDOLPH,DEM,14773,2012,35.7103,-79.806
RANDOLPH,REP,45160,2012,35.7103,-79.806
RICHMOND,DEM,9904,2012,35.0059,-79.7479
RICHMOND,REP,9332,2012,35.0059,-79.7479
ROBESON,DEM,24988,2012,34.6402,-79.1039
ROBESON,REP,17510,2012,34.6402,-79.1039
ROCKINGHAM,DEM,16351,2012,36.396,-79.775
ROCKINGHAM,REP,25227,2012,36.396,-79.775
ROWAN,DEM,22650,2012,35.6394,-80.5247
ROWAN,REP,38775,2012,35.6394,-80.5247
RUTHERFORD,DEM,9374,2012,35.4026,-81.9198
RUTHERFORD,REP,18954,2012,35.4026,-81.9198
SAMPSON,DEM,11566,2012,34.9916,-78.3714
SAMPSON,REP,14422,2012,34.9916,-78.3714
SCOTLAND,DEM,8215,2012,34.8409,-79.4804
SCOTLAND,REP,5831,2012,34.8409,-79.4804
STANLY,DEM,8431,2012,35.3119,-80.251
STANLY,REP,19904,2012,35.3119,-80.251
STOKES,DEM,6018,2012,36.4019,-80.2397
STOKES,REP,15237,2012,36.4019,-80.2397
SURRY,DEM,9112,2012,36.4146,-80.688
SURRY,REP,19923,2012,36.4146,-80.688
SWAIN,DEM,2618,2012,35.4868,-83.4928
SWAIN,REP,2976,2012,35.4868,-83.4928
TRANSYLVANIA,DEM,6826,2012,35.2021,-82.7982
TRANSYLVANIA,REP,9634,2012,35.2021,-82.7982
TYRRELL,DEM,837,2012,35.8172,-76.209
TYRRELL,REP,930,2012,35.8172,-76.209
UNION,DEM,32473,2012,34.9884,-80.5307
UNION,REP,61107,2012,34.9884,-80.5307
VANCE,DEM,13323,2012,36.3649,-78.4079
VANCE,REP,7429,2012,36.3649,-78.4079
WAKE,DEM,267262,2012,35.7903,-78.6503
WAKE,REP,211596,2012,35.7903,-78.6503
WARREN,DEM,6978,2012,36.3965,-78.1067
WARREN,REP,3140,2012,36.3965,-78.1067
WASHINGTON,DEM,3833,2012,35.8226,-76.5775
WASHINGTON,REP,2622,2012,35.8226,-76.5775
WATAUGA,DEM,13002,2012,36.2311,-81.6964
WATAUGA,REP,13861,2012,36.2311,-81.6964
WAYNE,DEM,23314,2012,35.364,-78.004
WAYNE,REP,27641,2012,35.364,-78.004
WILKES,DEM,8148,2012,36.2062,-81.163
WILKES,REP,20515,2012,36.2062,-81.163
WILSON,DEM,20875,2012,35.7051,-77.9187
WILSON,REP,17954,2012,35.7051,-77.9187
YADKIN,DEM,3957,2012,36.1605,-80.6652
YADKIN,REP,12578,2012,36.1605,-80.6652
YANCEY,DEM,3981,2012,35.8989,-82.3076
YANCEY,REP,5278,2012,35.8989,-82.3076
ALAMANCE,DEM,29833,2016,NA,NA
ALAMANCE,REP,38815,2016,NA,NA
ALEXANDER,DEM,3767,2016,35.921,-81.177
ALEXANDER,REP,13893,2016,35.921,-81.177
ALLEGHANY,DEM,1306,2016,36.4916,-81.1271
ALLEGHANY,REP,3814,2016,36.4916,-81.1271
ANSON,DEM,5859,2016,34.9738,-80.1027
ANSON,REP,4506,2016,34.9738,-80.1027
ASHE,DEM,3500,2016,36.4341,-81.5003
ASHE,REP,9412,2016,36.4341,-81.5003
AVERY,DEM,1689,2016,36.0765,-81.9226
AVERY,REP,6298,2016,36.0765,-81.9226
BEAUFORT,DEM,8764,2016,35.494,-76.8598
BEAUFORT,REP,14543,2016,35.494,-76.8598
BERTIE,DEM,5778,2016,36.0662,-76.9787
BERTIE,REP,3456,2016,36.0662,-76.9787
BLADEN,DEM,7058,2016,34.6146,-78.5637
BLADEN,REP,8550,2016,34.6146,-78.5637
BRUNSWICK,DEM,23282,2016,34.071,-78.2377
BRUNSWICK,REP,42720,2016,34.071,-78.2377
BUNCOMBE,DEM,75452,2016,35.6112,-82.5301
BUNCOMBE,REP,55716,2016,35.6112,-82.5301
BURKE,DEM,11251,2016,35.7496,-81.7048
BURKE,REP,26238,2016,35.7496,-81.7048
CABARRUS,DEM,35521,2016,35.3868,-80.5519
CABARRUS,REP,53819,2016,35.3868,-80.5519
CALDWELL,DEM,8425,2016,35.953,-81.5464
CALDWELL,REP,26621,2016,35.953,-81.5464
CAMDEN,DEM,1274,2016,36.3877,-76.2064
CAMDEN,REP,3546,2016,36.3877,-76.2064
CARTERET,DEM,9939,2016,34.8357,-76.6589
CARTERET,REP,26569,2016,34.8357,-76.6589
CASWELL,DEM,4792,2016,36.3932,-79.3335
CASWELL,REP,6026,2016,36.3932,-79.3335
CATAWBA,DEM,21216,2016,35.662,-81.2151
CATAWBA,REP,48324,2016,35.662,-81.2151
CHATHAM,DEM,21065,2016,35.7026,-79.2553
CHATHAM,REP,17105,2016,35.7026,-79.2553
CHEROKEE,DEM,2860,2016,35.1339,-84.0635
CHEROKEE,REP,10844,2016,35.1339,-84.0635
CHOWAN,DEM,2992,2016,36.1508,-76.6079
CHOWAN,REP,4014,2016,36.1508,-76.6079
CLAY,DEM,1367,2016,35.0572,-83.7502
CLAY,REP,4437,2016,35.0572,-83.7502
CLEVELAND,DEM,14964,2016,35.3341,-81.5555
CLEVELAND,REP,28479,2016,35.3341,-81.5555
COLUMBUS,DEM,9063,2016,34.2656,-78.655
COLUMBUS,REP,14272,2016,34.2656,-78.655
CRAVEN,DEM,17630,2016,35.1249,-77.0939
CRAVEN,REP,27731,2016,35.1249,-77.0939
CUMBERLAND,DEM,71605,2016,35.0487,-78.8277
CUMBERLAND,REP,51265,2016,35.0487,-78.8277
CURRITUCK,DEM,2913,2016,36.4031,-76.0059
CURRITUCK,REP,9163,2016,36.4031,-76.0059
DARE,DEM,7222,2016,35.7805,-75.7982
DARE,REP,11460,2016,35.7805,-75.7982
DAVIDSON,DEM,18109,2016,35.7933,-80.2128
DAVIDSON,REP,54317,2016,35.7933,-80.2128
DAVIE,DEM,5270,2016,35.9291,-80.5445
DAVIE,REP,15602,2016,35.9291,-80.5445
DUPLIN,DEM,8283,2016,34.9365,-77.933
DUPLIN,REP,12217,2016,34.9365,-77.933
DURHAM,DEM,121250,2016,36.036,-78.8766
DURHAM,REP,28350,2016,36.036,-78.8766
EDGECOMBE,DEM,16224,2016,35.9129,-77.5971
EDGECOMBE,REP,8261,2016,35.9129,-77.5971
FORSYTH,DEM,94464,2016,36.1306,-80.2563
FORSYTH,REP,75975,2016,36.1306,-80.2563
FRANKLIN,DEM,12874,2016,36.0827,-78.2857
FRANKLIN,REP,16368,2016,36.0827,-78.2857
GASTON,DEM,31177,2016,35.2944,-81.1803
GASTON,REP,61798,2016,35.2944,-81.1803
GATES,DEM,2385,2016,36.4449,-76.7005
GATES,REP,2874,2016,36.4449,-76.7005
GRAHAM,DEM,768,2016,35.3502,-83.8335
GRAHAM,REP,3283,2016,35.3502,-83.8335
GRANVILLE,DEM,12909,2016,36.304,-78.6527
GRANVILLE,REP,13591,2016,36.304,-78.6527
GREENE,DEM,3605,2016,35.485,-77.6758
GREENE,REP,4374,2016,35.485,-77.6758
GUILFORD,DEM,149248,2016,36.0795,-79.7889
GUILFORD,REP,98062,2016,36.0795,-79.7889
HALIFAX,DEM,15748,2016,36.2574,-77.6517
HALIFAX,REP,9031,2016,36.2574,-77.6517
HARNETT,DEM,16737,2016,35.3688,-78.8693
HARNETT,REP,27614,2016,35.3688,-78.8693
HAYWOOD,DEM,10473,2016,35.556,-82.9822
HAYWOOD,REP,18929,2016,35.556,-82.9822
HENDERSON,DEM,19827,2016,35.3363,-82.48
HENDERSON,REP,35809,2016,35.3363,-82.48
HERTFORD,DEM,6910,2016,36.3591,-76.982
HERTFORD,REP,3099,2016,36.3591,-76.982
HOKE,DEM,9726,2016,35.0175,-79.2373
HOKE,REP,7760,2016,35.0175,-79.2373
HYDE,DEM,965,2016,35.5305,-76.2509
HYDE,REP,1288,2016,35.5305,-76.2509
IREDELL,DEM,24734,2016,35.8071,-80.8734
IREDELL,REP,54754,2016,35.8071,-80.8734
JACKSON,DEM,7713,2016,35.2876,-83.1408
JACKSON,REP,9870,2016,35.2876,-83.1408
JOHNSTON,DEM,28362,2016,35.5178,-78.3657
JOHNSTON,REP,54372,2016,35.5178,-78.3657
JONES,DEM,2065,2016,35.0217,-77.3552
JONES,REP,2974,2016,35.0217,-77.3552
LEE,DEM,10469,2016,35.4752,-79.1715
LEE,REP,13712,2016,35.4752,-79.1715
LENOIR,DEM,12634,2016,35.2388,-77.6412
LENOIR,REP,13613,2016,35.2388,-77.6412
LINCOLN,DEM,9897,2016,35.4856,-81.2235
LINCOLN,REP,28806,2016,35.4856,-81.2235
MACON,DEM,4876,2016,35.1505,-83.4222
MACON,REP,12127,2016,35.1505,-83.4222
MADISON,DEM,3926,2016,35.858,-82.7058
MADISON,REP,6783,2016,35.858,-82.7058
MARTIN,DEM,5846,2016,35.8432,-77.1092
MARTIN,REP,5897,2016,35.8432,-77.1092
MCDOWELL,DEM,4667,2016,35.6817,-82.0493
MCDOWELL,REP,14568,2016,35.6817,-82.0493
MECKLENBURG,DEM,294562,2016,35.2467,-80.8328
MECKLENBURG,REP,155518,2016,35.2467,-80.8328
MITCHELL,DEM,1596,2016,36.0133,-82.1636
MITCHELL,REP,6282,2016,36.0133,-82.1636
MONTGOMERY,DEM,4150,2016,35.3325,-79.9055
MONTGOMERY,REP,7130,2016,35.3325,-79.9055
MOORE,DEM,16329,2016,35.3106,-79.4814
MOORE,REP,30490,2016,35.3106,-79.4814
NASH,DEM,23235,2016,35.9673,-77.9864
NASH,REP,23319,2016,35.9673,-77.9864
NEW HANOVER,DEM,50979,2016,34.2328,-77.8847
NEW HANOVER,REP,55344,2016,34.2328,-77.8847
NORTHAMPTON,DEM,6144,2016,36.4178,-77.3969
NORTHAMPTON,REP,3582,2016,36.4178,-77.3969
ONSLOW,DEM,17514,2016,34.7321,-77.4321
ONSLOW,REP,37122,2016,34.7321,-77.4321
ORANGE,DEM,59923,2016,36.0611,-79.1207
ORANGE,REP,18557,2016,36.0611,-79.1207
PAMLICO,DEM,2448,2016,35.1435,-76.7407
PAMLICO,REP,4258,2016,35.1435,-76.7407
PASQUOTANK,DEM,8615,2016,36.2955,-76.284
PASQUOTANK,REP,8180,2016,36.2955,-76.284
PENDER,DEM,9354,2016,34.5248,-77.9051
PENDER,REP,17639,2016,34.5248,-77.9051
PERQUIMANS,DEM,2319,2016,36.2059,-76.4411
PERQUIMANS,REP,4177,2016,36.2059,-76.4411
PERSON,DEM,7833,2016,36.39,-78.9718
PERSON,REP,11185,2016,36.39,-78.9718
PITT,DEM,41824,2016,35.5933,-77.3745
PITT,REP,35691,2016,35.5933,-77.3745
POLK,DEM,3735,2016,35.2793,-82.1697
POLK,REP,6768,2016,35.2793,-82.1697
RANDOLPH,DEM,13194,2016,35.7103,-79.806
RANDOLPH,REP,49430,2016,35.7103,-79.806
RICHMOND,DEM,8501,2016,35.0059,-79.7479
RICHMOND,REP,10383,2016,35.0059,-79.7479
ROBESON,DEM,19016,2016,34.6402,-79.1039
ROBESON,REP,20762,2016,34.6402,-79.1039
ROCKINGHAM,DEM,14228,2016,36.396,-79.775
ROCKINGHAM,REP,26830,2016,36.396,-79.775
ROWAN,DEM,19400,2016,35.6394,-80.5247
ROWAN,REP,42810,2016,35.6394,-80.5247
RUTHERFORD,DEM,7512,2016,35.4026,-81.9198
RUTHERFORD,REP,21871,2016,35.4026,-81.9198
SAMPSON,DEM,10547,2016,34.9916,-78.3714
SAMPSON,REP,14838,2016,34.9916,-78.3714
SCOTLAND,DEM,7319,2016,34.8409,-79.4804
SCOTLAND,REP,6256,2016,34.8409,-79.4804
STANLY,DEM,7094,2016,35.3119,-80.251
STANLY,REP,21964,2016,35.3119,-80.251
STOKES,DEM,4665,2016,36.4019,-80.2397
STOKES,REP,17116,2016,36.4019,-80.2397
SURRY,DEM,7488,2016,36.4146,-80.688
SURRY,REP,23671,2016,36.4146,-80.688
SWAIN,DEM,2196,2016,35.4868,-83.4928
SWAIN,REP,3565,2016,35.4868,-83.4928
TRANSYLVANIA,DEM,6558,2016,35.2021,-82.7982
TRANSYLVANIA,REP,10520,2016,35.2021,-82.7982
TYRRELL,DEM,720,2016,35.8172,-76.209
TYRRELL,REP,975,2016,35.8172,-76.209
UNION,DEM,34337,2016,34.9884,-80.5307
UNION,REP,66707,2016,34.9884,-80.5307
VANCE,DEM,12229,2016,36.3649,-78.4079
VANCE,REP,7332,2016,36.3649,-78.4079
WAKE,DEM,302736,2016,35.7903,-78.6503
WAKE,REP,196082,2016,35.7903,-78.6503
WARREN,DEM,6413,2016,36.3965,-78.1067
WARREN,REP,3214,2016,36.3965,-78.1067
WASHINGTON,DEM,3510,2016,35.8226,-76.5775
WASHINGTON,REP,2564,2016,35.8226,-76.5775
WATAUGA,DEM,14138,2016,36.2311,-81.6964
WATAUGA,REP,13697,2016,36.2311,-81.6964
WAYNE,DEM,21770,2016,35.364,-78.004
WAYNE,REP,27540,2016,35.364,-78.004
WILKES,DEM,6638,2016,36.2062,-81.163
WILKES,REP,23752,2016,36.2062,-81.163
WILSON,DEM,19663,2016,35.7051,-77.9187
WILSON,REP,17531,2016,35.7051,-77.9187
YADKIN,DEM,3160,2016,36.1605,-80.6652
YADKIN,REP,13880,2016,36.1605,-80.6652
YANCEY,DEM,3196,2016,35.8989,-82.3076
YANCEY,REP,6385,2016,35.8989,-82.3076
ALAMANCE,DEM,38825,2020,NA,NA
ALAMANCE,REP,46056,2020,NA,NA
ALEXANDER,DEM,4145,2020,35.921,-81.177
ALEXANDER,REP,15888,2020,35.921,-81.177
ALLEGHANY,DEM,1486,2020,36.4916,-81.1271
ALLEGHANY,REP,4527,2020,36.4916,-81.1271
ANSON,DEM,5789,2020,34.9738,-80.1027
ANSON,REP,5321,2020,34.9738,-80.1027
ASHE,DEM,4164,2020,36.4341,-81.5003
ASHE,REP,11451,2020,36.4341,-81.5003
AVERY,DEM,2191,2020,36.0765,-81.9226
AVERY,REP,7172,2020,36.0765,-81.9226
BEAUFORT,DEM,9633,2020,35.494,-76.8598
BEAUFORT,REP,16437,2020,35.494,-76.8598
BERTIE,DEM,5939,2020,36.0662,-76.9787
BERTIE,REP,3817,2020,36.0662,-76.9787
BLADEN,DEM,7326,2020,34.6146,-78.5637
BLADEN,REP,9676,2020,34.6146,-78.5637
BRUNSWICK,DEM,33310,2020,34.071,-78.2377
BRUNSWICK,REP,55850,2020,34.071,-78.2377
BUNCOMBE,DEM,96515,2020,35.6112,-82.5301
BUNCOMBE,REP,62412,2020,35.6112,-82.5301
BURKE,DEM,13118,2020,35.7496,-81.7048
BURKE,REP,31019,2020,35.7496,-81.7048
CABARRUS,DEM,52162,2020,35.3868,-80.5519
CABARRUS,REP,63237,2020,35.3868,-80.5519
CALDWELL,DEM,10245,2020,35.953,-81.5464
CALDWELL,REP,32119,2020,35.953,-81.5464
CAMDEN,DEM,1537,2020,36.3877,-76.2064
CAMDEN,REP,4312,2020,36.3877,-76.2064
CARTERET,DEM,12093,2020,34.8357,-76.6589
CARTERET,REP,30028,2020,34.8357,-76.6589
CASWELL,DEM,4860,2020,36.3932,-79.3335
CASWELL,REP,7089,2020,36.3932,-79.3335
CATAWBA,DEM,25689,2020,35.662,-81.2151
CATAWBA,REP,56588,2020,35.662,-81.2151
CHATHAM,DEM,26787,2020,35.7026,-79.2553
CHATHAM,REP,21186,2020,35.7026,-79.2553
CHEROKEE,DEM,3583,2020,35.1339,-84.0635
CHEROKEE,REP,12628,2020,35.1339,-84.0635
CHOWAN,DEM,3247,2020,36.1508,-76.6079
CHOWAN,REP,4471,2020,36.1508,-76.6079
CLAY,DEM,1699,2020,35.0572,-83.7502
CLAY,REP,5112,2020,35.0572,-83.7502
CLEVELAND,DEM,16955,2020,35.3341,-81.5555
CLEVELAND,REP,33798,2020,35.3341,-81.5555
COLUMBUS,DEM,9446,2020,34.2656,-78.655
COLUMBUS,REP,16832,2020,34.2656,-78.655
CRAVEN,DEM,21148,2020,35.1249,-77.0939
CRAVEN,REP,31032,2020,35.1249,-77.0939
CUMBERLAND,DEM,84469,2020,35.0487,-78.8277
CUMBERLAND,REP,60032,2020,35.0487,-78.8277
CURRITUCK,DEM,4195,2020,36.4031,-76.0059
CURRITUCK,REP,11657,2020,36.4031,-76.0059
DARE,DEM,9936,2020,35.7805,-75.7982
DARE,REP,13938,2020,35.7805,-75.7982
DAVIDSON,DEM,22636,2020,35.7933,-80.2128
DAVIDSON,REP,64658,2020,35.7933,-80.2128
DAVIE,DEM,6713,2020,35.9291,-80.5445
DAVIE,REP,18228,2020,35.9291,-80.5445
DUPLIN,DEM,8767,2020,34.9365,-77.933
DUPLIN,REP,13793,2020,34.9365,-77.933
DURHAM,DEM,144688,2020,36.036,-78.8766
DURHAM,REP,32459,2020,36.036,-78.8766
EDGECOMBE,DEM,16089,2020,35.9129,-77.5971
EDGECOMBE,REP,9206,2020,35.9129,-77.5971
FORSYTH,DEM,113033,2020,36.1306,-80.2563
FORSYTH,REP,85064,2020,36.1306,-80.2563
FRANKLIN,DEM,15879,2020,36.0827,-78.2857
FRANKLIN,REP,20901,2020,36.0827,-78.2857
GASTON,DEM,40959,2020,35.2944,-81.1803
GASTON,REP,73033,2020,35.2944,-81.1803
GATES,DEM,2546,2020,36.4449,-76.7005
GATES,REP,3367,2020,36.4449,-76.7005
GRAHAM,DEM,905,2020,35.3502,-83.8335
GRAHAM,REP,3710,2020,35.3502,-83.8335
GRANVILLE,DEM,14565,2020,36.304,-78.6527
GRANVILLE,REP,16647,2020,36.304,-78.6527
GREENE,DEM,3832,2020,35.485,-77.6758
GREENE,REP,4874,2020,35.485,-77.6758
GUILFORD,DEM,173086,2020,36.0795,-79.7889
GUILFORD,REP,107294,2020,36.0795,-79.7889
HALIFAX,DEM,15545,2020,36.2574,-77.6517
HALIFAX,REP,10080,2020,36.2574,-77.6517
HARNETT,DEM,22093,2020,35.3688,-78.8693
HARNETT,REP,35177,2020,35.3688,-78.8693
HAYWOOD,DEM,13144,2020,35.556,-82.9822
HAYWOOD,REP,22834,2020,35.556,-82.9822
HENDERSON,DEM,27211,2020,35.3363,-82.48
HENDERSON,REP,40032,2020,35.3363,-82.48
HERTFORD,DEM,7097,2020,36.3591,-76.982
HERTFORD,REP,3479,2020,36.3591,-76.982
HOKE,DEM,11804,2020,35.0175,-79.2373
HOKE,REP,9453,2020,35.0175,-79.2373
HYDE,DEM,1046,2020,35.5305,-76.2509
HYDE,REP,1418,2020,35.5305,-76.2509
IREDELL,DEM,33888,2020,35.8071,-80.8734
IREDELL,REP,67010,2020,35.8071,-80.8734
JACKSON,DEM,9591,2020,35.2876,-83.1408
JACKSON,REP,11356,2020,35.2876,-83.1408
JOHNSTON,DEM,41257,2020,35.5178,-78.3657
JOHNSTON,REP,68353,2020,35.5178,-78.3657
JONES,DEM,2197,2020,35.0217,-77.3552
JONES,REP,3280,2020,35.0217,-77.3552
LEE,DEM,12143,2020,35.4752,-79.1715
LEE,REP,16469,2020,35.4752,-79.1715
LENOIR,DEM,13605,2020,35.2388,-77.6412
LENOIR,REP,14590,2020,35.2388,-77.6412
LINCOLN,DEM,13274,2020,35.4856,-81.2235
LINCOLN,REP,36341,2020,35.4856,-81.2235
MACON,DEM,6230,2020,35.1505,-83.4222
MACON,REP,14211,2020,35.1505,-83.4222
MADISON,DEM,4901,2020,35.858,-82.7058
MADISON,REP,7979,2020,35.858,-82.7058
MARTIN,DEM,5911,2020,35.8432,-77.1092
MARTIN,REP,6532,2020,35.8432,-77.1092
MCDOWELL,DEM,5832,2020,35.6817,-82.0493
MCDOWELL,REP,16883,2020,35.6817,-82.0493
MECKLENBURG,DEM,378107,2020,35.2467,-80.8328
MECKLENBURG,REP,179211,2020,35.2467,-80.8328
MITCHELL,DEM,1867,2020,36.0133,-82.1636
MITCHELL,REP,7090,2020,36.0133,-82.1636
MONTGOMERY,DEM,4327,2020,35.3325,-79.9055
MONTGOMERY,REP,8411,2020,35.3325,-79.9055
MOORE,DEM,20779,2020,35.3106,-79.4814
MOORE,REP,36764,2020,35.3106,-79.4814
NASH,DEM,25947,2020,35.9673,-77.9864
NASH,REP,25827,2020,35.9673,-77.9864
NEW HANOVER,DEM,66138,2020,34.2328,-77.8847
NEW HANOVER,REP,63331,2020,34.2328,-77.8847
NORTHAMPTON,DEM,6069,2020,36.4178,-77.3969
NORTHAMPTON,REP,3989,2020,36.4178,-77.3969
ONSLOW,DEM,24266,2020,34.7321,-77.4321
ONSLOW,REP,46078,2020,34.7321,-77.4321
ORANGE,DEM,63594,2020,36.0611,-79.1207
ORANGE,REP,20176,2020,36.0611,-79.1207
PAMLICO,DEM,2713,2020,35.1435,-76.7407
PAMLICO,REP,4849,2020,35.1435,-76.7407
PASQUOTANK,DEM,9832,2020,36.2955,-76.284
PASQUOTANK,REP,9770,2020,36.2955,-76.284
PENDER,DEM,11723,2020,34.5248,-77.9051
PENDER,REP,21956,2020,34.5248,-77.9051
PERQUIMANS,DEM,2492,2020,36.2059,-76.4411
PERQUIMANS,REP,4903,2020,36.2059,-76.4411
PERSON,DEM,8465,2020,36.39,-78.9718
PERSON,REP,13184,2020,36.39,-78.9718
PITT,DEM,47252,2020,35.5933,-77.3745
PITT,REP,38982,2020,35.5933,-77.3745
POLK,DEM,4518,2020,35.2793,-82.1697
POLK,REP,7689,2020,35.2793,-82.1697
RANDOLPH,DEM,15618,2020,35.7103,-79.806
RANDOLPH,REP,56894,2020,35.7103,-79.806
RICHMOND,DEM,8754,2020,35.0059,-79.7479
RICHMOND,REP,11830,2020,35.0059,-79.7479
ROBESON,DEM,19020,2020,34.6402,-79.1039
ROBESON,REP,27806,2020,34.6402,-79.1039
ROCKINGHAM,DEM,15992,2020,36.396,-79.775
ROCKINGHAM,REP,31301,2020,36.396,-79.775
ROWAN,DEM,23114,2020,35.6394,-80.5247
ROWAN,REP,49297,2020,35.6394,-80.5247
RUTHERFORD,DEM,9135,2020,35.4026,-81.9198
RUTHERFORD,REP,24891,2020,35.4026,-81.9198
SAMPSON,DEM,10966,2020,34.9916,-78.3714
SAMPSON,REP,17411,2020,34.9916,-78.3714
SCOTLAND,DEM,7186,2020,34.8409,-79.4804
SCOTLAND,REP,7473,2020,34.8409,-79.4804
STANLY,DEM,8129,2020,35.3119,-80.251
STANLY,REP,25458,2020,35.3119,-80.251
STOKES,DEM,5286,2020,36.4019,-80.2397
STOKES,REP,20142,2020,36.4019,-80.2397
SURRY,DEM,8721,2020,36.4146,-80.688
SURRY,REP,27538,2020,36.4146,-80.688
SWAIN,DEM,2780,2020,35.4868,-83.4928
SWAIN,REP,4161,2020,35.4868,-83.4928
TRANSYLVANIA,DEM,8444,2020,35.2021,-82.7982
TRANSYLVANIA,REP,11636,2020,35.2021,-82.7982
TYRRELL,DEM,758,2020,35.8172,-76.209
TYRRELL,REP,1044,2020,35.8172,-76.209
UNION,DEM,48725,2020,34.9884,-80.5307
UNION,REP,80382,2020,34.9884,-80.5307
VANCE,DEM,12431,2020,36.3649,-78.4079
VANCE,REP,8391,2020,36.3649,-78.4079
WAKE,DEM,393336,2020,35.7903,-78.6503
WAKE,REP,226197,2020,35.7903,-78.6503
WARREN,DEM,6400,2020,36.3965,-78.1067
WARREN,REP,3752,2020,36.3965,-78.1067
WASHINGTON,DEM,3396,2020,35.8226,-76.5775
WASHINGTON,REP,2781,2020,35.8226,-76.5775
WATAUGA,DEM,17122,2020,36.2311,-81.6964
WATAUGA,REP,14451,2020,36.2311,-81.6964
WAYNE,DEM,24215,2020,35.364,-78.004
WAYNE,REP,30709,2020,35.364,-78.004
WILKES,DEM,7511,2020,36.2062,-81.163
WILKES,REP,27592,2020,36.2062,-81.163
WILSON,DEM,20754,2020,35.7051,-77.9187
WILSON,REP,19581,2020,35.7051,-77.9187
YADKIN,DEM,3763,2020,36.1605,-80.6652
YADKIN,REP,15933,2020,36.1605,-80.6652
YANCEY,DEM,3688,2020,35.8989,-82.3076
YANCEY,REP,7516,2020,35.8989,-82.3076
