County,Year,Votes_DEM,Votes_REP,Lat,Long,Population,dem_per_capita,rep_per_capita
ALAMANCE,2000,17459,29305,36.0117,-79.4254,171415,0.10185222996820581,0.170959367616603
ALEXANDER,2000,4166,9242,35.921,-81.177,36444,0.11431236966304467,0.2535945560311711
ALLEGHANY,2000,1715,2531,36.4916,-81.1271,10888,0.15751285819250552,0.23245775165319618
ANSON,2000,4792,3161,34.9738,-80.1027,22055,0.21727499433235095,0.14332350940829744
ASHE,2000,4011,6226,36.4341,-81.5003,26577,0.1509199683937239,0.2342627083568499
AVERY,2000,1686,4956,36.0765,-81.9226,17806,0.09468718409524879,0.2783331461305178
BEAUFORT,2000,6634,10531,35.494,-76.8598,44652,0.14857117262384664,0.23584609871898235
BERTIE,2000,4660,2488,36.0662,-76.9787,17934,0.25984164157466266,0.13873090219694434
BLADEN,2000,5889,4977,34.6146,-78.5637,29606,0.19891238262514355,0.16810781598324664
BRUNSWICK,2000,13118,15427,34.071,-78.2377,136694,0.0959661726191347,0.11285791622163373
BUNCOMBE,2000,38545,46101,35.6112,-82.5301,269452,0.14304959695975536,0.17109169722251089
BURKE,2000,11924,18466,35.7496,-81.7048,87570,0.1361653534315405,0.2108713029576339
CABARRUS,2000,16284,32704,35.3868,-80.5519,225807,0.07211468200720084,0.14483164826599706
CALDWELL,2000,8588,17337,35.953,-81.5464,80652,0.10648217031195754,0.21496057134355007
CAMDEN,2000,1187,1628,36.3877,-76.2064,10355,0.11463061323032352,0.15721873491067118
CARTERET,2000,7998,15317,34.8357,-76.6589,67686,0.11816328339686198,0.2262949502112697
CASWELL,2000,4091,4270,36.3932,-79.3335,22736,0.17993490499648135,0.18780788177339902
CATAWBA,2000,16246,34244,35.662,-81.2151,160610,0.10115185853931885,0.21321212875910592
CHATHAM,2000,10461,10248,35.7026,-79.2553,76285,0.13713049747656814,0.1343383365012781
CHEROKEE,2000,3239,6305,35.1339,-84.0635,28774,0.11256690067421979,0.21912142906790852
CHOWAN,2000,2430,2415,36.1508,-76.6079,13708,0.17726874817624744,0.1761744966442953
CLAY,2000,1361,2416,35.0572,-83.7502,11089,0.12273424113986833,0.2178735684011182
CLEVELAND,2000,13455,19064,35.3341,-81.5555,99519,0.13520031350797335,0.19156141038394678
COLUMBUS,2000,9986,8342,34.2656,-78.655,50623,0.19726211405882701,0.16478675700768425
CRAVEN,2000,12213,19494,35.1249,-77.0939,100720,0.12125694996028594,0.19354646544876886
CUMBERLAND,2000,38626,38129,35.0487,-78.8277,334728,0.11539518653951865,0.11391039889103989
CURRITUCK,2000,2595,4095,36.4031,-76.0059,28100,0.09234875444839857,0.14572953736654803
DARE,2000,5589,7301,35.7805,-75.7982,36915,0.15140186915887852,0.19777868075308142
DAVIDSON,2000,16199,35387,35.7933,-80.2128,168930,0.0958917894986089,0.20947729828923223
DAVIE,2000,3651,10184,35.9291,-80.5445,42712,0.08547949054129987,0.23843416370106763
DUPLIN,2000,6475,7840,34.9365,-77.933,48715,0.13291593964897874,0.16093605665606076
DURHAM,2000,46626,25979,36.036,-78.8766,324833,0.14353837202500977,0.07997648022214492
EDGECOMBE,2000,11315,6836,35.9129,-77.5971,48900,0.23139059304703477,0.13979550102249488
FORSYTH,2000,52457,67700,36.1306,-80.2563,382590,0.13711022243132334,0.17695182832797512
FRANKLIN,2000,7454,8501,36.0827,-78.2857,68573,0.10870167558660114,0.12397007568576554
GASTON,2000,19281,39453,35.2944,-81.1803,227943,0.08458693620773615,0.1730827443703031
GATES,2000,1944,1480,36.4449,-76.7005,10478,0.18553158999809125,0.14124832983393779
GRAHAM,2000,1006,2304,35.3502,-83.8335,8030,0.12528019925280198,0.28692403486924034
GRANVILLE,2000,7733,7364,36.304,-78.6527,60992,0.12678711962224554,0.12073714585519413
GREENE,2000,2478,3353,35.485,-77.6758,20451,0.12116766906263753,0.1639528629406875
GUILFORD,2000,79912,82087,36.0795,-79.7889,541309,0.14762732561254294,0.15164536336916623
HALIFAX,2000,10222,6698,36.2574,-77.6517,48622,0.21023405042984658,0.1377565710995023
HARNETT,2000,9155,14762,35.3688,-78.8693,133568,0.0685418663152851,0.11052048394825108
HAYWOOD,2000,9287,11605,35.556,-82.9822,62089,0.14957560920613958,0.1869091143358727
HENDERSON,2000,11434,23382,35.3363,-82.48,116281,0.09833076770925603,0.20108186204109013
HERTFORD,2000,5484,2382,36.3591,-76.982,21552,0.2544543429844098,0.11052338530066814
HOKE,2000,5017,3439,35.0175,-79.2373,52082,0.09632886601897009,0.06603049038055374
HYDE,2000,1088,1132,35.5305,-76.2509,4589,0.23708869034648072,0.24667683591196338
IREDELL,2000,15434,29853,35.8071,-80.8734,186699,0.08266782360912485,0.15989908890781418
JACKSON,2000,5722,6237,35.2876,-83.1408,43109,0.1327333039504512,0.1446797652462363
JOHNSTON,2000,13704,27212,35.5178,-78.3657,215999,0.06344473817008411,0.12598206473178117
JONES,2000,1822,2114,35.0217,-77.3552,9172,0.19864805931094637,0.23048408198866113
LEE,2000,6785,9406,35.4752,-79.1715,63285,0.10721339969977088,0.1486292170340523
LENOIR,2000,9527,11512,35.2388,-77.6412,55122,0.17283480280105948,0.2088458328797939
LINCOLN,2000,8412,15951,35.4856,-81.2235,86810,0.0969012786545329,0.1837461121990554
MACON,2000,4683,8406,35.1505,-83.4222,37014,0.1265196952504458,0.22710325822661695
MADISON,2000,3505,4676,35.858,-82.7058,21193,0.16538479686689,0.2206388901995942
MARTIN,2000,4929,4420,35.8432,-77.1092,22031,0.22373019835686078,0.20062639008669603
MCDOWELL,2000,4747,9109,35.6817,-82.0493,44578,0.10648750504733276,0.20433846291892863
MECKLENBURG,2000,126911,134068,35.2467,-80.8328,1115482,0.1137723423596257,0.12018840286082608
MITCHELL,2000,1535,4984,36.0133,-82.1636,14903,0.10299939609474602,0.33442930953499295
MONTGOMERY,2000,3979,4946,35.3325,-79.9055,25751,0.15451827113510155,0.19207021086559745
MOORE,2000,11174,19822,35.3106,-79.4814,99727,0.1120458852667783,0.1987626219579452
NASH,2000,12376,17995,35.9673,-77.9864,94970,0.13031483626408338,0.18948088870169527
NEW HANOVER,2000,29292,36503,34.2328,-77.8847,225702,0.12978174761411065,0.16173095497603035
NORTHAMPTON,2000,5513,2667,36.4178,-77.3969,17471,0.31555148531852784,0.1526529677751703
ONSLOW,2000,10269,19657,34.7321,-77.4321,204576,0.05019650398873768,0.09608653996558736
ORANGE,2000,30921,17930,36.0611,-79.1207,148696,0.20794775918652822,0.12058158928283208
PAMLICO,2000,2188,2999,35.1435,-76.7407,12276,0.1782339524275008,0.24429781687846203
PASQUOTANK,2000,5874,4943,36.2955,-76.284,40568,0.1447939262472885,0.12184480378623545
PENDER,2000,6415,7661,34.5248,-77.9051,60203,0.10655615168679301,0.12725279471122702
PERQUIMANS,2000,2033,2230,36.2059,-76.4411,13005,0.15632449058054596,0.1714725105728566
PERSON,2000,5042,6722,36.39,-78.9718,39097,0.1289613013786224,0.17193135023147557
PITT,2000,19685,23192,35.5933,-77.3745,170243,0.11562883642792948,0.136228802358981
POLK,2000,3114,5074,35.2793,-82.1697,19328,0.1611134105960265,0.2625206953642384
RANDOLPH,2000,11366,30959,35.7103,-79.806,144171,0.07883693669323234,0.21473805411629246
RICHMOND,2000,7935,6263,35.0059,-79.7479,42946,0.18476691659293065,0.14583430354398547
ROBESON,2000,17834,11721,34.6402,-79.1039,116530,0.15304213507251352,0.10058354071912812
ROCKINGHAM,2000,13260,18979,36.396,-79.775,91096,0.1455607271449899,0.20834065162026874
ROWAN,2000,14891,28922,35.6394,-80.5247,146875,0.10138553191489362,0.19691574468085107
RUTHERFORD,2000,7697,13755,35.4026,-81.9198,64444,0.11943703060021103,0.21344112718018746
SAMPSON,2000,8768,10410,34.9916,-78.3714,59036,0.14851954739480994,0.17633308489735078
SCOTLAND,2000,5627,3740,34.8409,-79.4804,34174,0.16465734183882483,0.10943992508924914
STANLY,2000,7066,15548,35.3119,-80.251,62504,0.11304876487904775,0.24875207986688852
STOKES,2000,5030,12028,36.4019,-80.2397,44520,0.11298292902066487,0.2701707097933513
SURRY,2000,7757,15401,36.4146,-80.688,71359,0.10870387757675977,0.2158242127832509
SWAIN,2000,2097,2224,35.4868,-83.4928,14117,0.1485443082807962,0.15754055394205568
TRANSYLVANIA,2000,5044,9011,35.2021,-82.7982,32986,0.1529133571818347,0.27317649912083913
TYRRELL,2000,849,706,35.8172,-76.209,3245,0.26163328197226504,0.21756548536209552
UNION,2000,14890,31876,34.9884,-80.5307,238267,0.0624929176092367,0.13378268916803418
VANCE,2000,7092,5564,36.3649,-78.4079,42578,0.1665648926675748,0.1306778148339518
WAKE,2000,123466,142494,35.7903,-78.6503,1129393,0.10932067048405648,0.12616865873969468
WARREN,2000,4576,2202,36.3965,-78.1067,18642,0.24546722454672246,0.11812037335049887
WASHINGTON,2000,2704,2169,35.8226,-76.5775,11003,0.24575115877487957,0.19712805598473143
WATAUGA,2000,7959,10438,36.2311,-81.6964,54086,0.14715453167178197,0.19298894353437118
WAYNE,2000,13005,20758,35.364,-78.004,117333,0.11083838306358824,0.17691527532748672
WILKES,2000,7226,16826,36.2062,-81.163,65969,0.10953629735178645,0.2550591944701299
WILSON,2000,11266,13466,35.7051,-77.9187,78784,0.14299857839155158,0.17092303005686435
YADKIN,2000,3127,10435,36.1605,-80.6652,37214,0.08402751652603858,0.28040522384049016
YANCEY,2000,3714,4970,35.8989,-82.3076,18470,0.20108283703302654,0.26908500270709257
ALAMANCE,2004,20686,33302,36.0117,-79.4254,171415,0.12067788699938745,0.1942770469328822
ALEXANDER,2004,4618,10928,35.921,-81.177,36444,0.12671495993853585,0.2998573153331138
ALLEGHANY,2004,1922,2883,36.4916,-81.1271,10888,0.17652461425422483,0.26478692138133725
ANSON,2004,5413,3796,34.9738,-80.1027,22055,0.24543187485830878,0.17211516662888235
ASHE,2004,4477,7292,36.4341,-81.5003,26577,0.16845392632727546,0.27437257779282836
AVERY,2004,1805,5678,36.0765,-81.9226,17806,0.10137032460968214,0.31888127597439064
BEAUFORT,2004,7025,12432,35.494,-76.8598,44652,0.15732777927080535,0.27841977962913195
BERTIE,2004,4938,3057,36.0662,-76.9787,17934,0.2753429240548678,0.17045834727333556
BLADEN,2004,6109,6174,34.6146,-78.5637,29606,0.20634330878875903,0.20853880970073635
BRUNSWICK,2004,14903,22925,34.071,-78.2377,136694,0.10902453655610342,0.167710360366951
BUNCOMBE,2004,51868,52491,35.6112,-82.5301,269452,0.19249439603343083,0.1948064961477369
BURKE,2004,11728,18922,35.7496,-81.7048,87570,0.13392714399908645,0.21607856571885348
CABARRUS,2004,19803,40780,35.3868,-80.5519,225807,0.08769878701723154,0.1805967042651468
CALDWELL,2004,9999,21186,35.953,-81.5464,80652,0.1239770867430442,0.26268412438625205
CAMDEN,2004,1339,2480,36.3877,-76.2064,10355,0.1293095123128923,0.23949782713664897
CARTERET,2004,7732,17716,34.8357,-76.6589,67686,0.1142333717460036,0.26173802558874804
CASWELL,2004,4539,4868,36.3932,-79.3335,22736,0.1996393384940183,0.214109781843772
CATAWBA,2004,18858,39602,35.662,-81.2151,160610,0.11741485586202603,0.2465724425627296
CHATHAM,2004,12897,12892,35.7026,-79.2553,76285,0.16906338074326538,0.16899783705839944
CHEROKEE,2004,3635,7517,35.1339,-84.0635,28774,0.1263293250851463,0.26124278862862305
CHOWAN,2004,2406,2967,36.1508,-76.6079,13708,0.17551794572512402,0.21644295302013422
CLAY,2004,1628,3209,35.0572,-83.7502,11089,0.14681215619081972,0.2893858778970151
CLEVELAND,2004,14215,22750,35.3341,-81.5555,99519,0.1428370461921844,0.2285995639023704
COLUMBUS,2004,10343,10773,34.2656,-78.655,50623,0.2043142445133635,0.21280840724571834
CRAVEN,2004,14019,23575,35.1249,-77.0939,100720,0.1391878474980143,0.2340647339158062
CUMBERLAND,2004,45788,49139,35.0487,-78.8277,334728,0.13679166367916637,0.1468027771802777
CURRITUCK,2004,2909,6013,36.4031,-76.0059,28100,0.10352313167259787,0.21398576512455517
DARE,2004,6136,9345,35.7805,-75.7982,36915,0.16621969389137206,0.25314912637139375
DAVIDSON,2004,17191,42075,35.7933,-80.2128,168930,0.10176404427869531,0.2490676611614278
DAVIE,2004,4233,12372,35.9291,-80.5445,42712,0.09910563775988013,0.2896609852032216
DUPLIN,2004,6923,9611,34.9365,-77.933,48715,0.1421122857436108,0.19729036231140307
DURHAM,2004,74524,34614,36.036,-78.8766,324833,0.229422503255519,0.10655937050730684
EDGECOMBE,2004,12877,8163,35.9129,-77.5971,48900,0.2633333333333333,0.16693251533742332
FORSYTH,2004,63340,75294,36.1306,-80.2563,382590,0.16555581693196372,0.1968007527640555
FRANKLIN,2004,9286,11540,36.0827,-78.2857,68573,0.13541773001035393,0.1682878100710192
GASTON,2004,20254,43252,35.2944,-81.1803,227943,0.08885554722013837,0.18974919168388588
GATES,2004,2121,1924,36.4449,-76.7005,10478,0.20242412674174462,0.18362282878411912
GRAHAM,2004,1272,2693,35.3502,-83.8335,8030,0.15840597758405978,0.3353673723536737
GRANVILLE,2004,9057,9491,36.304,-78.6527,60992,0.14849488457502624,0.15561057187827912
GREENE,2004,2665,3800,35.485,-77.6758,20451,0.13031147621143221,0.18580998484181702
GUILFORD,2004,100042,98254,36.0795,-79.7889,541309,0.184814957815222,0.18151185367322545
HALIFAX,2004,11528,8088,36.2574,-77.6517,48622,0.23709431944387313,0.16634445312821355
HARNETT,2004,11563,20922,35.3688,-78.8693,133568,0.08657013655965501,0.15663931480594154
HAYWOOD,2004,11237,14545,35.556,-82.9822,62089,0.18098213854305917,0.23426049702845914
HENDERSON,2004,15003,28025,35.3363,-82.48,116281,0.12902365820727377,0.24101099921741298
HERTFORD,2004,5141,2942,36.3591,-76.982,21552,0.2385393466963623,0.13650705270972532
HOKE,2004,5794,5257,35.0175,-79.2373,52082,0.11124764793978725,0.10093698398679006
HYDE,2004,1048,1235,35.5305,-76.2509,4589,0.2283721943778601,0.26912181303116145
IREDELL,2004,18065,38675,35.8071,-80.8734,186699,0.0967600254955838,0.20715161838038768
JACKSON,2004,6737,7351,35.2876,-83.1408,43109,0.156278271358649,0.17052123686469184
JOHNSTON,2004,17266,36903,35.5178,-78.3657,215999,0.07993555525720027,0.17084801318524623
JONES,2004,1893,2607,35.0217,-77.3552,9172,0.2063890100305277,0.28423462712603575
LEE,2004,7657,11834,35.4752,-79.1715,63285,0.12099233625661689,0.18699533854783915
LENOIR,2004,10207,12939,35.2388,-77.6412,55122,0.18517107506984506,0.2347338630673778
LINCOLN,2004,9434,20052,35.4856,-81.2235,86810,0.10867411588526668,0.23098721345467113
MACON,2004,5489,9448,35.1505,-83.4222,37014,0.1482952396390555,0.2552547684659858
MADISON,2004,4234,5175,35.858,-82.7058,21193,0.19978294719954703,0.24418440050960222
MARTIN,2004,5102,5334,35.8432,-77.1092,22031,0.23158276973355726,0.2421133856838092
MCDOWELL,2004,5330,10590,35.6817,-82.0493,44578,0.1195657050563058,0.23756112880793218
MECKLENBURG,2004,166828,155084,35.2467,-80.8328,1115482,0.14955687317231475,0.13902868894343431
MITCHELL,2004,2080,5686,36.0133,-82.1636,14903,0.13956921425216398,0.3815339193450983
MONTGOMERY,2004,4313,5745,35.3325,-79.9055,25751,0.16748864121781679,0.2230981321113743
MOORE,2004,13555,24714,35.3106,-79.4814,99727,0.13592106450610167,0.24781653915188465
NASH,2004,15693,21902,35.9673,-77.9864,94970,0.16524165525955564,0.23062019585132146
NEW HANOVER,2004,35572,45351,34.2328,-77.8847,225702,0.15760604691141417,0.20093308876305926
NORTHAMPTON,2004,5584,3176,36.4178,-77.3969,17471,0.31961536260088147,0.18178696125007154
ONSLOW,2004,11250,25890,34.7321,-77.4321,204576,0.05499178789300798,0.12655443453777568
ORANGE,2004,42910,20771,36.0611,-79.1207,148696,0.28857534836175824,0.13968768494108785
PAMLICO,2004,2335,3679,35.1435,-76.7407,12276,0.19020853698273052,0.29969045291625934
PASQUOTANK,2004,6984,6609,36.2955,-76.284,40568,0.1721553934135279,0.16291165450601458
PENDER,2004,6999,10037,34.5248,-77.9051,60203,0.11625666495025165,0.1667192664817368
PERQUIMANS,2004,1971,2965,36.2059,-76.4411,13005,0.15155709342560553,0.22798923490965015
PERSON,2004,6198,8973,36.39,-78.9718,39097,0.1585287873749904,0.2295061002122925
PITT,2004,24924,28590,35.5933,-77.3745,170243,0.14640249525678,0.1679364202933454
POLK,2004,3787,5140,35.2793,-82.1697,19328,0.19593336092715233,0.26593543046357615
RANDOLPH,2004,12966,37771,35.7103,-79.806,144171,0.08993486900971763,0.2619875009537286
RICHMOND,2004,8383,7709,35.0059,-79.7479,42946,0.19519862152470543,0.1795044940157407
ROBESON,2004,17868,15909,34.6402,-79.1039,116530,0.1533339054320776,0.13652278383248947
ROCKINGHAM,2004,14430,22840,36.396,-79.775,91096,0.15840432071660665,0.25072451040660404
ROWAN,2004,16735,34915,35.6394,-80.5247,146875,0.1139404255319149,0.23771914893617022
RUTHERFORD,2004,8184,16343,35.4026,-81.9198,64444,0.12699397926882255,0.25360002482775745
SAMPSON,2004,9649,12600,34.9916,-78.3714,59036,0.16344264516566162,0.2134290941120672
SCOTLAND,2004,6386,5141,34.8409,-79.4804,34174,0.1868672089892901,0.15043600397963364
STANLY,2004,7650,17814,35.3119,-80.251,62504,0.12239216690131832,0.2850057596313836
STOKES,2004,5767,13583,36.4019,-80.2397,44520,0.12953728661275832,0.30509883198562443
SURRY,2004,8304,17587,36.4146,-80.688,71359,0.11636934374080354,0.2464580501408372
SWAIN,2004,2419,2593,35.4868,-83.4928,14117,0.1713536870439895,0.1836792519657151
TRANSYLVANIA,2004,6097,9386,35.2021,-82.7982,32986,0.1848359910264961,0.28454495846722855
TYRRELL,2004,731,855,35.8172,-76.209,3245,0.22526964560862867,0.26348228043143296
UNION,2004,17974,42820,34.9884,-80.5307,238267,0.07543638019532709,0.17971435406497752
VANCE,2004,8762,6884,36.3649,-78.4079,42578,0.20578702616374653,0.1616797407111654
WAKE,2004,169909,177324,35.7903,-78.6503,1129393,0.15044275996043893,0.1570082336263816
WARREN,2004,5171,2840,36.3965,-78.1067,18642,0.27738440081536314,0.15234416908057075
WASHINGTON,2004,2969,2484,35.8226,-76.5775,11003,0.269835499409252,0.22575661183313642
WATAUGA,2004,11232,12659,36.2311,-81.6964,54086,0.2076692674629294,0.23405317457382688
WAYNE,2004,15076,24883,35.364,-78.004,117333,0.1284890013892085,0.2120716252034807
WILKES,2004,7862,19197,36.2062,-81.163,65969,0.1191771892858767,0.29100031833133744
WILSON,2004,14206,16264,35.7051,-77.9187,78784,0.18031580016246954,0.2064378554021121
YADKIN,2004,3451,11816,36.1605,-80.6652,37214,0.09273391734293546,0.3175149137421401
YANCEY,2004,4434,4940,35.8989,-82.3076,18470,0.2400649702219816,0.2674607471575528
ALAMANCE,2008,28918,34859,36.0117,-79.4254,171415,0.1687016888837033,0.20336026602106
ALEXANDER,2008,5167,11790,35.921,-81.177,36444,0.1417791680386346,0.3235100428054001
ALLEGHANY,2008,2021,3124,36.4916,-81.1271,10888,0.18561719324026452,0.28692138133725203
ANSON,2008,6456,4207,34.9738,-80.1027,22055,0.2927227386080254,0.19075039673543415
ASHE,2008,4872,7916,36.4341,-81.5003,26577,0.1833164013997065,0.2978515257553524
AVERY,2008,2178,5681,36.0765,-81.9226,17806,0.1223183196675278,0.319049758508368
BEAUFORT,2008,9454,13460,35.494,-76.8598,44652,0.2117262384663621,0.301442264624205
BERTIE,2008,6365,3376,36.0662,-76.9787,17934,0.3549124567859931,0.1882457901193264
BLADEN,2008,7853,7532,34.6146,-78.5637,29606,0.2652502871039654,0.25440789029250827
BRUNSWICK,2008,21331,30753,34.071,-78.2377,136694,0.1560492779492882,0.22497695582834654
BUNCOMBE,2008,69716,52494,35.6112,-82.5301,269452,0.2587325386339682,0.19481762985615247
BURKE,2008,14901,22102,35.7496,-81.7048,87570,0.17016101404590614,0.2523923718168323
CABARRUS,2008,31546,45924,35.3868,-80.5519,225807,0.13970337500608926,0.20337722036960768
CALDWELL,2008,12081,22526,35.953,-81.5464,80652,0.14979169766403808,0.27929871546892826
CAMDEN,2008,1597,3140,36.3877,-76.2064,10355,0.15422501207146305,0.30323515210043456
CARTERET,2008,11130,23131,34.8357,-76.6589,67686,0.16443577697012676,0.3417397984812221
CASWELL,2008,5545,5208,36.3932,-79.3335,22736,0.24388634764250527,0.229064039408867
CATAWBA,2008,25656,42993,35.662,-81.2151,160610,0.15974098748521262,0.26768569827532535
CHATHAM,2008,17862,14668,35.7026,-79.2553,76285,0.23414825981516682,0.19227895392278954
CHEROKEE,2008,3785,8643,35.1339,-84.0635,28774,0.1315423646347397,0.3003753388475707
CHOWAN,2008,3688,3773,36.1508,-76.6079,13708,0.2690399766559673,0.2752407353370295
CLAY,2008,1734,3707,35.0572,-83.7502,11089,0.15637117864550457,0.3342952475426098
CLEVELAND,2008,17363,26078,35.3341,-81.5555,99519,0.17446919683678494,0.26204041439323145
COLUMBUS,2008,11076,12994,34.2656,-78.655,50623,0.2187938288920056,0.25668174545167216
CRAVEN,2008,19352,24901,35.1249,-77.0939,100720,0.1921366163621922,0.2472299444003177
CUMBERLAND,2008,74693,52151,35.0487,-78.8277,334728,0.22314535981453598,0.15580112808011282
CURRITUCK,2008,3737,7234,36.4031,-76.0059,28100,0.13298932384341636,0.25743772241992885
DARE,2008,8074,9745,35.7805,-75.7982,36915,0.21871867804415548,0.2639848300148991
DAVIDSON,2008,22433,45419,35.7933,-80.2128,168930,0.13279464867104718,0.2688628425975256
DAVIE,2008,6178,13981,35.9291,-80.5445,42712,0.14464319160891553,0.327331897359056
DUPLIN,2008,8958,10834,34.9365,-77.933,48715,0.183885866776147,0.22239556604741867
DURHAM,2008,103456,32353,36.036,-78.8766,324833,0.31848980860934695,0.09959887080438257
EDGECOMBE,2008,17403,8445,35.9129,-77.5971,48900,0.35588957055214726,0.1726993865030675
FORSYTH,2008,91085,73674,36.1306,-80.2563,382590,0.23807470137745368,0.19256645495177604
FRANKLIN,2008,13085,13273,36.0827,-78.2857,68573,0.19081854374170593,0.1935601475799513
GASTON,2008,31384,52507,35.2944,-81.1803,227943,0.13768354369294078,0.23035144751100056
GATES,2008,2830,2547,36.4449,-76.7005,10478,0.2700897117770567,0.24308074059935103
GRAHAM,2008,1265,2824,35.3502,-83.8335,8030,0.15753424657534246,0.35168119551681193
GRANVILLE,2008,13074,11447,36.304,-78.6527,60992,0.21435598111227702,0.18768035152151102
GREENE,2008,3796,4272,35.485,-77.6758,20451,0.1856143953840888,0.20888954085374797
GUILFORD,2008,142101,97718,36.0795,-79.7889,541309,0.26251364747306993,0.18052166138009898
HALIFAX,2008,16047,8961,36.2574,-77.6517,48622,0.3300357862695899,0.18429928838797252
HARNETT,2008,16785,23579,35.3688,-78.8693,133568,0.12566632726401533,0.17653180402491614
HAYWOOD,2008,12730,14910,35.556,-82.9822,62089,0.20502826587640322,0.24013915508383127
HENDERSON,2008,20082,30930,35.3363,-82.48,116281,0.17270233314126984,0.2659935845064972
HERTFORD,2008,7513,3089,36.3591,-76.982,21552,0.3485987379361544,0.14332776540460282
HOKE,2008,9227,6293,35.0175,-79.2373,52082,0.1771629353711455,0.1208286932145463
HYDE,2008,1241,1212,35.5305,-76.2509,4589,0.27042928742645456,0.2641098278492046
IREDELL,2008,27318,45148,35.8071,-80.8734,186699,0.14632108366943583,0.241822398620239
JACKSON,2008,8766,7854,35.2876,-83.1408,43109,0.20334500916281983,0.18218933401377901
JOHNSTON,2008,26795,43622,35.5178,-78.3657,215999,0.12405150023842702,0.20195463867888278
JONES,2008,2378,2817,35.0217,-77.3552,9172,0.2592673353685129,0.3071303968600087
LEE,2008,10784,12775,35.4752,-79.1715,63285,0.1704037291617287,0.20186458086434383
LENOIR,2008,13378,13401,35.2388,-77.6412,55122,0.24269801531149088,0.24311527157940568
LINCOLN,2008,11713,23631,35.4856,-81.2235,86810,0.13492685174519065,0.27221518258265176
MACON,2008,6620,10317,35.1505,-83.4222,37014,0.17885124547468526,0.27873237153509484
MADISON,2008,5026,5192,35.858,-82.7058,21193,0.23715377719058178,0.2449865521634502
MARTIN,2008,6539,5957,35.8432,-77.1092,22031,0.2968090418047297,0.270391720757115
MCDOWELL,2008,6571,11534,35.6817,-82.0493,44578,0.14740454932926556,0.2587374938310377
MECKLENBURG,2008,253958,153848,35.2467,-80.8328,1115482,0.22766660510882292,0.137920647755858
MITCHELL,2008,2238,5499,36.0133,-82.1636,14903,0.15017110648862644,0.36898611017915856
MONTGOMERY,2008,4926,6155,35.3325,-79.9055,25751,0.19129354199836898,0.2390198438895577
MOORE,2008,17624,27314,35.3106,-79.4814,99727,0.17672245229476471,0.27388771345773966
NASH,2008,23099,23728,35.9673,-77.9864,94970,0.2432241760555965,0.24984732020638095
NEW HANOVER,2008,49145,50544,34.2328,-77.8847,225702,0.21774286448502894,0.22394130313422123
NORTHAMPTON,2008,6903,3671,36.4178,-77.3969,17471,0.39511189971953525,0.2101196268101425
ONSLOW,2008,19499,30278,34.7321,-77.4321,204576,0.09531421085562333,0.14800367589551072
ORANGE,2008,53806,20266,36.0611,-79.1207,148696,0.36185236993597675,0.13629149405498467
PAMLICO,2008,2838,3823,35.1435,-76.7407,12276,0.23118279569892472,0.31142065819485176
PASQUOTANK,2008,10272,7778,36.2955,-76.284,40568,0.2532044961546046,0.1917274699270361
PENDER,2008,9907,13618,34.5248,-77.9051,60203,0.16455990565254222,0.22620135209208844
PERQUIMANS,2008,2772,3678,36.2059,-76.4411,13005,0.21314878892733563,0.2828143021914648
PERSON,2008,8446,10030,36.39,-78.9718,39097,0.21602680512571298,0.25654142261554597
PITT,2008,40501,33927,35.5933,-77.3745,170243,0.2379011178139483,0.19928572687276422
POLK,2008,4396,5990,35.2793,-82.1697,19328,0.22744205298013245,0.3099130794701987
RANDOLPH,2008,16414,40998,35.7103,-79.806,144171,0.11385091315174342,0.2843706431945398
RICHMOND,2008,9713,9424,35.0059,-79.7479,42946,0.22616774554091185,0.21943836445769105
ROBESON,2008,23058,17433,34.6402,-79.1039,116530,0.19787179267141508,0.14960096112589033
ROCKINGHAM,2008,17255,23899,36.396,-79.775,91096,0.18941556160533943,0.26234960920347766
ROWAN,2008,23391,37451,35.6394,-80.5247,146875,0.15925787234042554,0.2549855319148936
RUTHERFORD,2008,9641,18769,35.4026,-81.9198,64444,0.14960275588107505,0.29124511203525544
SAMPSON,2008,11836,14038,34.9916,-78.3714,59036,0.200487837929399,0.2377871129480317
SCOTLAND,2008,8151,6005,34.8409,-79.4804,34174,0.23851466026804002,0.17571838239597354
STANLY,2008,8878,19329,35.3119,-80.251,62504,0.14203890950979137,0.3092442083706643
STOKES,2008,6875,14488,36.4019,-80.2397,44520,0.1544249775381851,0.32542677448337826
SURRY,2008,10475,18730,36.4146,-80.688,71359,0.14679297635897365,0.26247565128435096
SWAIN,2008,2806,2900,35.4868,-83.4928,14117,0.19876744350782743,0.20542608202875964
TRANSYLVANIA,2008,7275,9401,35.2021,-82.7982,32986,0.22054811131995392,0.2849996968410841
TYRRELL,2008,933,960,35.8172,-76.209,3245,0.2875192604006163,0.29583975346687214
UNION,2008,31189,54123,34.9884,-80.5307,238267,0.13089936919506268,0.2271527320191214
VANCE,2008,13166,7606,36.3649,-78.4079,42578,0.3092207243177228,0.17863685471370191
WAKE,2008,250891,187001,35.7903,-78.6503,1129393,0.22214676379258594,0.16557655306877234
WARREN,2008,7086,3063,36.3965,-78.1067,18642,0.38010943031863537,0.16430640489217896
WASHINGTON,2008,3748,2670,35.8226,-76.5775,11003,0.34063437244387895,0.24266109242933745
WATAUGA,2008,14558,13344,36.2311,-81.6964,54086,0.26916392412084456,0.24671818954997596
WAYNE,2008,22671,26952,35.364,-78.004,117333,0.19321929891846285,0.22970519802613076
WILKES,2008,8934,20288,36.2062,-81.163,65969,0.13542724613075838,0.3075383892434325
WILSON,2008,19652,17375,35.7051,-77.9187,78784,0.24944151096669376,0.22053970349309504
YADKIN,2008,4527,12409,36.1605,-80.6652,37214,0.1216477669694201,0.3334497769656581
YANCEY,2008,4486,5045,35.8989,-82.3076,18470,0.24288034650785056,0.27314564158094207
ALAMANCE,2012,28875,38170,36.0117,-79.4254,151160,0.1910227573432125,0.2525138925641704
ALEXANDER,2012,4611,12253,35.921,-81.177,37182,0.12401161852509279,0.329541175837771
ALLEGHANY,2012,1583,3390,36.4916,-81.1271,11150,0.14197309417040357,0.3040358744394619
ANSON,2012,7019,4166,34.9738,-80.1027,26929,0.2606483716439526,0.15470310817334473
ASHE,2012,4116,8242,36.4341,-81.5003,27239,0.15110686882778368,0.3025808583281325
AVERY,2012,1882,5766,36.0765,-81.9226,17805,0.10570064588598709,0.32384161752316765
BEAUFORT,2012,9435,13977,35.494,-76.8598,47784,0.19745102963335007,0.2925037669512808
BERTIE,2012,6695,3387,36.0662,-76.9787,21197,0.3158465820634995,0.1597867622776808
BLADEN,2012,8062,7748,34.6146,-78.5637,35038,0.2300930418402877,0.22113134311319138
BRUNSWICK,2012,22038,34743,34.071,-78.2377,107429,0.20514013906859413,0.3234042949296745
BUNCOMBE,2012,70625,54701,35.6112,-82.5301,238315,0.2963514675954094,0.2295323416486583
BURKE,2012,13701,22267,35.7496,-81.7048,90824,0.15085219765700697,0.2451664758213688
CABARRUS,2012,32849,49557,35.3868,-80.5519,178116,0.18442475689999777,0.2782287947180489
CALDWELL,2012,10898,23229,35.953,-81.5464,83049,0.13122373538513407,0.2797023443990897
CAMDEN,2012,1508,3109,36.3877,-76.2064,9980,0.15110220440881764,0.31152304609218434
CARTERET,2012,10301,24775,34.8357,-76.6589,66463,0.15498848983645036,0.3727637933888028
CASWELL,2012,5348,5594,36.3932,-79.3335,23727,0.22539722678804738,0.23576516205167108
CATAWBA,2012,24069,44538,35.662,-81.2151,154742,0.155542774424526,0.28782101821095757
CHATHAM,2012,18361,16665,35.7026,-79.2553,63486,0.2892133698768232,0.26249881863717983
CHEROKEE,2012,3378,9278,35.1339,-84.0635,27447,0.12307355995190732,0.33803330054286446
CHOWAN,2012,3556,3891,36.1508,-76.6079,14793,0.24038396538903536,0.2630298113972825
CLAY,2012,1579,3973,35.0572,-83.7502,10591,0.14908884902275518,0.3751298272117836
CLEVELAND,2012,17062,25793,35.3341,-81.5555,98034,0.17404165901625968,0.26310259705816347
COLUMBUS,2012,11050,12941,34.2656,-78.655,58129,0.19009444511345455,0.2226255397478023
CRAVEN,2012,18763,26928,35.1249,-77.0939,103498,0.18128852731453748,0.26017894065585806
CUMBERLAND,2012,75792,50666,35.0487,-78.8277,319455,0.2372540733436634,0.158601367954798
CURRITUCK,2012,3562,7496,36.4031,-76.0059,23547,0.1512719242366331,0.3183420393256041
DARE,2012,7393,10248,35.7805,-75.7982,33920,0.21795400943396226,0.30212264150943396
DAVIDSON,2012,20624,49383,35.7933,-80.2128,162824,0.12666437380238785,0.30329066968014545
DAVIE,2012,5735,14687,35.9291,-80.5445,41218,0.13913824057450627,0.3563249065942064
DUPLIN,2012,9033,11416,34.9365,-77.933,58412,0.1546428815996713,0.1954392932958981
DURHAM,2012,111224,33769,36.036,-78.8766,269998,0.41194379217623833,0.12507129682442092
EDGECOMBE,2012,18310,8546,35.9129,-77.5971,56511,0.3240077153120631,0.15122719470545556
FORSYTH,2012,92323,79768,36.1306,-80.2563,350635,0.2633022944087156,0.22749582899596446
FRANKLIN,2012,13436,14603,36.0827,-78.2857,60564,0.22184796248596525,0.24111683508354798
GASTON,2012,33171,56138,35.2944,-81.1803,206100,0.16094614264919943,0.2723823386705483
GATES,2012,2786,2564,36.4449,-76.7005,12185,0.2286417726713172,0.21042265080016415
GRAHAM,2012,1119,2750,35.3502,-83.8335,8858,0.1263264845337548,0.31045382704899527
GRANVILLE,2012,13598,12405,36.304,-78.6527,57550,0.23628149435273674,0.2155516941789748
GREENE,2012,3778,4411,35.485,-77.6758,21351,0.17694721558709195,0.20659453889747553
GUILFORD,2012,146365,104789,36.0795,-79.7889,488455,0.29964889293793695,0.21453153309926196
HALIFAX,2012,17176,8763,36.2574,-77.6517,54631,0.31440024894290786,0.1604034339477586
HARNETT,2012,17331,25565,35.3688,-78.8693,114693,0.15110773979231515,0.22289939229072392
HAYWOOD,2012,11833,15633,35.556,-82.9822,59030,0.20045739454514652,0.2648314416398441
HENDERSON,2012,18642,32994,35.3363,-82.48,106716,0.17468795681997076,0.3091757562127516
HERTFORD,2012,7843,3007,36.3591,-76.982,24684,0.3177361853832442,0.12181980230108572
HOKE,2012,10076,6819,35.0175,-79.2373,46889,0.21489048604150227,0.14542856533515322
HYDE,2012,1163,1193,35.5305,-76.2509,5817,0.19993123603231908,0.20508853360838922
IREDELL,2012,26076,49299,35.8071,-80.8734,159465,0.16352177593829367,0.3091524786003198
JACKSON,2012,8095,8254,35.2876,-83.1408,40273,0.20100315347751596,0.2049512080053634
JOHNSTON,2012,27290,48427,35.5178,-78.3657,168879,0.16159498812759432,0.28675560608483
JONES,2012,2352,2837,35.0217,-77.3552,10163,0.2314277280330611,0.27914985732559283
LEE,2012,10801,13158,35.4752,-79.1715,57849,0.18671022835312626,0.22745423429964218
LENOIR,2012,13948,13980,35.2388,-77.6412,59511,0.2343768378955151,0.23491455361193728
LINCOLN,2012,11024,25267,35.4856,-81.2235,78001,0.1413315213907514,0.32393174446481454
MACON,2012,5712,10835,35.1505,-83.4222,33925,0.1683714075165807,0.3193809874723655
MADISON,2012,4484,5404,35.858,-82.7058,20803,0.2155458347353747,0.2597702254482527
MARTIN,2012,6583,5995,35.8432,-77.1092,24515,0.2685294717519886,0.2445441566387926
MCDOWELL,2012,6031,11775,35.6817,-82.0493,45002,0.13401626594373584,0.26165503755388647
MECKLENBURG,2012,272262,171668,35.2467,-80.8328,919675,0.29604153641231956,0.18666159241036234
MITCHELL,2012,1838,5806,36.0133,-82.1636,15581,0.11796418715101727,0.3726333354726911
MONTGOMERY,2012,4706,6404,35.3325,-79.9055,27782,0.16939025268159238,0.23050896263767906
MOORE,2012,16505,29495,35.3106,-79.4814,88250,0.1870254957507082,0.33422096317280453
NASH,2012,24313,23842,35.9673,-77.9864,95858,0.2536355859709153,0.24872206805900393
NEW HANOVER,2012,48668,53385,34.2328,-77.8847,202683,0.24011880621463072,0.2633916016636817
NORTHAMPTON,2012,7232,3483,36.4178,-77.3969,22104,0.32718060079623595,0.15757328990228012
ONSLOW,2012,18490,32243,34.7321,-77.4321,177801,0.10399266595800924,0.1813431870461921
ORANGE,2012,53901,21539,36.0611,-79.1207,133692,0.40317296472489006,0.16110911647667775
PAMLICO,2012,2647,4051,35.1435,-76.7407,13143,0.2013999847827741,0.30822491059879786
PASQUOTANK,2012,10282,7633,36.2955,-76.284,40661,0.2528713017387669,0.18772287941762378
PENDER,2012,9632,14617,34.5248,-77.9051,52195,0.18453874892231056,0.2800459814158444
PERQUIMANS,2012,2759,3822,36.2059,-76.4411,13452,0.2050996134403806,0.284121320249777
PERSON,2012,8418,10496,36.39,-78.9718,39479,0.21322728539223385,0.26586286380100815
PITT,2012,41843,36214,35.5933,-77.3745,168173,0.2488092618910289,0.2153377771699381
POLK,2012,4013,6236,35.2793,-82.1697,20514,0.1956225017061519,0.30398752071755875
RANDOLPH,2012,14773,45160,35.7103,-79.806,141825,0.10416358187907633,0.3184205887537458
RICHMOND,2012,9904,9332,35.0059,-79.7479,46647,0.21231804832036358,0.20005573777520527
ROBESON,2012,24988,17510,34.6402,-79.1039,134205,0.18619276480011923,0.13047203904474497
ROCKINGHAM,2012,16351,25227,36.396,-79.775,93663,0.17457267010452365,0.26933794561352936
ROWAN,2012,22650,38775,35.6394,-80.5247,138493,0.1635461720086936,0.27997804943210125
RUTHERFORD,2012,9374,18954,35.4026,-81.9198,67819,0.1382208525634409,0.27947920199354165
SAMPSON,2012,11566,14422,34.9916,-78.3714,63471,0.18222495312820028,0.22722188085897496
SCOTLAND,2012,8215,5831,34.8409,-79.4804,36160,0.22718473451327434,0.16125553097345133
STANLY,2012,8431,19904,35.3119,-80.251,60585,0.1391598580506726,0.32853016423207065
STOKES,2012,6018,15237,36.4019,-80.2397,47400,0.1269620253164557,0.32145569620253167
SURRY,2012,9112,19923,36.4146,-80.688,73752,0.12354919188632173,0.27013504718516107
SWAIN,2012,2618,2976,35.4868,-83.4928,13978,0.18729431964515666,0.21290599513521247
TRANSYLVANIA,2012,6826,9634,35.2021,-82.7982,33089,0.20629212124875337,0.29115415999274685
TYRRELL,2012,837,930,35.8172,-76.209,4407,0.18992511912865895,0.21102791014295438
UNION,2012,32473,61107,34.9884,-80.5307,201328,0.1612940077882858,0.3035196296590638
VANCE,2012,13323,7429,36.3649,-78.4079,45412,0.2933806042455739,0.163591121289527
WAKE,2012,267262,211596,35.7903,-78.6503,901036,0.2966163394137415,0.23483634394186248
WARREN,2012,6978,3140,36.3965,-78.1067,21016,0.33203273696231445,0.14940997335363532
WASHINGTON,2012,3833,2622,35.8226,-76.5775,13193,0.29053285833396497,0.19874175699234442
WATAUGA,2012,13002,13861,36.2311,-81.6964,51061,0.25463661111219915,0.2714596267209808
WAYNE,2012,23314,27641,35.364,-78.004,122665,0.19006236497778503,0.2253373007785432
WILKES,2012,8148,20515,36.2062,-81.163,69311,0.11755709771897678,0.2959847643231233
WILSON,2012,20875,17954,35.7051,-77.9187,81225,0.2570021545090797,0.22104032009849184
YADKIN,2012,3957,12578,36.1605,-80.6652,38412,0.10301468291159013,0.32744975528480685
YANCEY,2012,3981,5278,35.8989,-82.3076,17817,0.2234382892742886,0.2962339338833698
ALAMANCE,2016,29833,38815,36.0117,-79.4254,151160,0.19736041280762107,0.2567808944165123
ALEXANDER,2016,3767,13893,35.921,-81.177,37182,0.10131246301974073,0.3736485396159432
ALLEGHANY,2016,1306,3814,36.4916,-81.1271,11150,0.11713004484304933,0.3420627802690583
ANSON,2016,5859,4506,34.9738,-80.1027,26929,0.21757213413049128,0.16732890192729027
ASHE,2016,3500,9412,36.4341,-81.5003,27239,0.12849223539777524,0.3455339770182459
AVERY,2016,1689,6298,36.0765,-81.9226,17805,0.09486099410278012,0.3537208649255827
BEAUFORT,2016,8764,14543,35.494,-76.8598,47784,0.18340867235894862,0.3043487359785702
BERTIE,2016,5778,3456,36.0662,-76.9787,21197,0.27258574326555646,0.16304193989715526
BLADEN,2016,7058,8550,34.6146,-78.5637,35038,0.20143843826702437,0.2440207774416348
BRUNSWICK,2016,23282,42720,34.071,-78.2377,107429,0.21671988010686127,0.39765798806653696
BUNCOMBE,2016,75452,55716,35.6112,-82.5301,238315,0.31660617250277995,0.23379141052808258
BURKE,2016,11251,26238,35.7496,-81.7048,90824,0.12387694882409936,0.28888839954197126
CABARRUS,2016,35521,53819,35.3868,-80.5519,178116,0.199426216622875,0.30215702126703947
CALDWELL,2016,8425,26621,35.953,-81.5464,83049,0.10144613420992427,0.3205457019350022
CAMDEN,2016,1274,3546,36.3877,-76.2064,9980,0.1276553106212425,0.35531062124248497
CARTERET,2016,9939,26569,34.8357,-76.6589,66463,0.14954185035282788,0.39975625536012516
CASWELL,2016,4792,6026,36.3932,-79.3335,23727,0.20196400724912547,0.2539722678804737
CATAWBA,2016,21216,48324,35.662,-81.2151,154742,0.1371056338938362,0.3122875495986868
CHATHAM,2016,21065,17105,35.7026,-79.2553,63486,0.33180543741927354,0.26942948051538923
CHEROKEE,2016,2860,10844,35.1339,-84.0635,27447,0.10420082340510803,0.3950887164353117
CHOWAN,2016,2992,4014,36.1508,-76.6079,14793,0.2022578246467924,0.27134455485702696
CLAY,2016,1367,4437,35.0572,-83.7502,10591,0.12907185346048533,0.4189406099518459
CLEVELAND,2016,14964,28479,35.3341,-81.5555,98034,0.15264092049697045,0.29050125466674825
COLUMBUS,2016,9063,14272,34.2656,-78.655,58129,0.15591185122744242,0.24552288874744105
CRAVEN,2016,17630,27731,35.1249,-77.0939,103498,0.17034145587354346,0.2679375446868539
CUMBERLAND,2016,71605,51265,35.0487,-78.8277,319455,0.22414737599974957,0.1604764364307962
CURRITUCK,2016,2913,9163,36.4031,-76.0059,23547,0.12371002675500063,0.3891366203762687
DARE,2016,7222,11460,35.7805,-75.7982,33920,0.2129127358490566,0.33785377358490565
DAVIDSON,2016,18109,54317,35.7933,-80.2128,162824,0.11121824792413895,0.33359332776494866
DAVIE,2016,5270,15602,35.9291,-80.5445,41218,0.12785676160900578,0.378523945848901
DUPLIN,2016,8283,12217,34.9365,-77.933,58412,0.141803054166952,0.20915222899404232
DURHAM,2016,121250,28350,36.036,-78.8766,269998,0.44907740057333756,0.10500077778353914
EDGECOMBE,2016,16224,8261,35.9129,-77.5971,56511,0.28709454796411316,0.14618392879262446
FORSYTH,2016,94464,75975,36.1306,-80.2563,350635,0.2694083591198825,0.2166783122049995
FRANKLIN,2016,12874,16368,36.0827,-78.2857,60564,0.21256852255465292,0.2702595601347335
GASTON,2016,31177,61798,35.2944,-81.1803,206100,0.15127122755943717,0.2998447355652596
GATES,2016,2385,2874,36.4449,-76.7005,12185,0.19573245794009028,0.23586376692654903
GRAHAM,2016,768,3283,35.3502,-83.8335,8858,0.0867012869722285,0.3706254233461278
GRANVILLE,2016,12909,13591,36.304,-78.6527,57550,0.22430929626411816,0.2361598609904431
GREENE,2016,3605,4374,35.485,-77.6758,21351,0.16884455060652898,0.20486159898833778
GUILFORD,2016,149248,98062,36.0795,-79.7889,488455,0.305551176669294,0.20075953772609553
HALIFAX,2016,15748,9031,36.2574,-77.6517,54631,0.2882612436162618,0.16530907360289945
HARNETT,2016,16737,27614,35.3688,-78.8693,114693,0.14592869660746516,0.2407644756000802
HAYWOOD,2016,10473,18929,35.556,-82.9822,59030,0.17741826190072843,0.3206674572251398
HENDERSON,2016,19827,35809,35.3363,-82.48,106716,0.18579219610929945,0.33555418119119906
HERTFORD,2016,6910,3099,36.3591,-76.982,24684,0.2799384216496516,0.12554691298006806
HOKE,2016,9726,7760,35.0175,-79.2373,46889,0.20742604875343898,0.1654972381582034
HYDE,2016,965,1288,35.5305,-76.2509,5817,0.16589307203025613,0.2214199759326113
IREDELL,2016,24734,54754,35.8071,-80.8734,159465,0.15510613614272725,0.34336061204653057
JACKSON,2016,7713,9870,35.2876,-83.1408,40273,0.19151789039803344,0.24507734710600154
JOHNSTON,2016,28362,54372,35.5178,-78.3657,168879,0.16794272822553427,0.3219583251914092
JONES,2016,2065,2974,35.0217,-77.3552,10163,0.20318803502902685,0.2926301288989472
LEE,2016,10469,13712,35.4752,-79.1715,57849,0.1809711490259123,0.23703089076734257
LENOIR,2016,12634,13613,35.2388,-77.6412,59511,0.2122968862899296,0.22874762648922048
LINCOLN,2016,9897,28806,35.4856,-81.2235,78001,0.12688298867963232,0.36930295765438903
MACON,2016,4876,12127,35.1505,-83.4222,33925,0.14372881355932204,0.35746499631540163
MADISON,2016,3926,6783,35.858,-82.7058,20803,0.18872278036821613,0.3260587415276643
MARTIN,2016,5846,5897,35.8432,-77.1092,24515,0.23846624515602693,0.24054660411992657
MCDOWELL,2016,4667,14568,35.6817,-82.0493,45002,0.10370650193324742,0.32371894582463
MECKLENBURG,2016,294562,155518,35.2467,-80.8328,919675,0.3202892326093457,0.1691010411286596
MITCHELL,2016,1596,6282,36.0133,-82.1636,15581,0.10243244977857648,0.4031833643540209
MONTGOMERY,2016,4150,7130,35.3325,-79.9055,27782,0.14937729465121302,0.25664099056943346
MOORE,2016,16329,30490,35.3106,-79.4814,88250,0.18503116147308782,0.3454957507082153
NASH,2016,23235,23319,35.9673,-77.9864,95858,0.24238978489015,0.2432660810782616
NEW HANOVER,2016,50979,55344,34.2328,-77.8847,202683,0.2515208478264087,0.27305694113467827
NORTHAMPTON,2016,6144,3582,36.4178,-77.3969,22104,0.2779587404994571,0.16205211726384364
ONSLOW,2016,17514,37122,34.7321,-77.4321,177801,0.0985033829955962,0.2087839775929269
ORANGE,2016,59923,18557,36.0611,-79.1207,133692,0.44821679681656346,0.13880411692547048
PAMLICO,2016,2448,4258,35.1435,-76.7407,13143,0.18625884501255421,0.3239747394050065
PASQUOTANK,2016,8615,8180,36.2955,-76.284,40661,0.2118737856914488,0.20117557364550798
PENDER,2016,9354,17639,34.5248,-77.9051,52195,0.17921256825366413,0.3379442475332886
PERQUIMANS,2016,2319,4177,36.2059,-76.4411,13452,0.1723907225691347,0.3105114481118049
PERSON,2016,7833,11185,36.39,-78.9718,39479,0.19840928088350768,0.2833151802223967
PITT,2016,41824,35691,35.5933,-77.3745,168173,0.24869628299429755,0.21222788438096485
POLK,2016,3735,6768,35.2793,-82.1697,20514,0.18207078093009652,0.3299210295408014
RANDOLPH,2016,13194,49430,35.7103,-79.806,141825,0.09303014278159703,0.34852811563546626
RICHMOND,2016,8501,10383,35.0059,-79.7479,46647,0.18224108731536862,0.22258666152164128
ROBESON,2016,19016,20762,34.6402,-79.1039,134205,0.14169367758280244,0.1547036250512276
ROCKINGHAM,2016,14228,26830,36.396,-79.775,93663,0.15190630238194378,0.2864524945816384
ROWAN,2016,19400,42810,35.6394,-80.5247,138493,0.1400792819853711,0.3091130959687493
RUTHERFORD,2016,7512,21871,35.4026,-81.9198,67819,0.11076541972013743,0.32249074743066103
SAMPSON,2016,10547,14838,34.9916,-78.3714,63471,0.16617037702257725,0.2337760552063147
SCOTLAND,2016,7319,6256,34.8409,-79.4804,36160,0.20240597345132744,0.17300884955752213
STANLY,2016,7094,21964,35.3119,-80.251,60585,0.11709168936205332,0.3625319798630024
STOKES,2016,4665,17116,36.4019,-80.2397,47400,0.09841772151898734,0.3610970464135021
SURRY,2016,7488,23671,36.4146,-80.688,73752,0.10152945004881224,0.32095400802690094
SWAIN,2016,2196,3565,35.4868,-83.4928,13978,0.157104020603806,0.25504364000572327
TRANSYLVANIA,2016,6558,10520,35.2021,-82.7982,33089,0.19819275287860014,0.3179304300522832
TYRRELL,2016,720,975,35.8172,-76.209,4407,0.16337644656228728,0.22123893805309736
UNION,2016,34337,66707,34.9884,-80.5307,201328,0.17055253119287928,0.33133493602479536
VANCE,2016,12229,7332,36.3649,-78.4079,45412,0.26929005549194046,0.16145512199418655
WAKE,2016,302736,196082,35.7903,-78.6503,901036,0.33598657545314503,0.2176183859468434
WARREN,2016,6413,3214,36.3965,-78.1067,21016,0.3051484583174724,0.1529311001141987
WASHINGTON,2016,3510,2564,35.8226,-76.5775,13193,0.2660501781247631,0.19434548624270445
WATAUGA,2016,14138,13697,36.2311,-81.6964,51061,0.2768845106833004,0.26824778206458944
WAYNE,2016,21770,27540,35.364,-78.004,122665,0.17747523743529123,0.2245139200260873
WILKES,2016,6638,23752,36.2062,-81.163,69311,0.09577123400326067,0.34268730793092006
WILSON,2016,19663,17531,35.7051,-77.9187,81225,0.2420806401969837,0.21583256386580485
YADKIN,2016,3160,13880,36.1605,-80.6652,38412,0.08226595855461835,0.36134541289180466
YANCEY,2016,3196,6385,35.8989,-82.3076,17817,0.17937924454172982,0.35836560588202276
ALAMANCE,2020,38825,46056,36.0117,-79.4254,172329,0.22529580047467346,0.2672562366171683
ALEXANDER,2020,4145,15888,35.921,-81.177,36373,0.11395815577488796,0.4368075220630688
ALLEGHANY,2020,1486,4527,36.4916,-81.1271,10929,0.1359685241101656,0.41421905023332417
ANSON,2020,5789,5321,34.9738,-80.1027,22046,0.26258731742719765,0.24135897668511294
ASHE,2020,4164,11451,36.4341,-81.5003,26562,0.15676530381748363,0.43110458549807995
AVERY,2020,2191,7172,36.0765,-81.9226,17696,0.1238132911392405,0.40528933092224234
BEAUFORT,2020,9633,16437,35.494,-76.8598,44531,0.21632121443488805,0.3691136511643574
BERTIE,2020,5939,3817,36.0662,-76.9787,17776,0.3341021602160216,0.21472772277227722
BLADEN,2020,7326,9676,34.6146,-78.5637,29506,0.24828848369823087,0.3279333017013489
BRUNSWICK,2020,33310,55850,34.071,-78.2377,138726,0.24011360523622105,0.4025921600853481
BUNCOMBE,2020,96515,62412,35.6112,-82.5301,269994,0.357470906760891,0.23116069245983245
BURKE,2020,13118,31019,35.7496,-81.7048,87779,0.1494434887615489,0.35337609223162714
CABARRUS,2020,52162,63237,35.3868,-80.5519,227574,0.22920896060182622,0.27787444962957103
CALDWELL,2020,10245,32119,35.953,-81.5464,80828,0.12675063096946604,0.3973746721433167
CAMDEN,2020,1537,4312,36.3877,-76.2064,10402,0.14776004614497212,0.414535666218035
CARTERET,2020,12093,30028,34.8357,-76.6589,68024,0.17777549100317536,0.44143243561096085
CASWELL,2020,4860,7089,36.3932,-79.3335,22654,0.21453165003972807,0.31292486978017126
CATAWBA,2020,25689,56588,35.662,-81.2151,161167,0.1593936724019185,0.3511140618116612
CHATHAM,2020,26787,21186,35.7026,-79.2553,76476,0.35026675035305194,0.27702808724305666
CHEROKEE,2020,3583,12628,35.1339,-84.0635,28761,0.12457842216890928,0.43906679183616704
CHOWAN,2020,3247,4471,36.1508,-76.6079,13690,0.23718042366691014,0.3265887509130752
CLAY,2020,1699,5112,35.0572,-83.7502,11123,0.1527465611795379,0.45958824058257663
CLEVELAND,2020,16955,33798,35.3341,-81.5555,99474,0.1704465488469349,0.3397671753423005
COLUMBUS,2020,9446,16832,34.2656,-78.655,50418,0.18735372287675037,0.3338490221746202
CRAVEN,2020,21148,31032,35.1249,-77.0939,101181,0.20901157331910142,0.30669789782666707
CUMBERLAND,2020,84469,60032,35.0487,-78.8277,336494,0.2510267642216503,0.17840436976587992
CURRITUCK,2020,4195,11657,36.4031,-76.0059,28424,0.14758654658035464,0.4101111736560653
DARE,2020,9936,13938,35.7805,-75.7982,37137,0.2675498828661443,0.3753130301316746
DAVIDSON,2020,22636,64658,35.7933,-80.2128,169638,0.1334370836722904,0.38115280774354804
DAVIE,2020,6713,18228,35.9291,-80.5445,42818,0.1567798589378299,0.4257088140501658
DUPLIN,2020,8767,13793,34.9365,-77.933,48591,0.1804243584202836,0.28385915087156055
DURHAM,2020,144688,32459,36.036,-78.8766,326474,0.4431838369977395,0.09942292494961313
EDGECOMBE,2020,16089,9206,35.9129,-77.5971,48824,0.3295305587416025,0.18855480911027364
FORSYTH,2020,113033,85064,36.1306,-80.2563,383864,0.2944610591251068,0.22159931642456704
FRANKLIN,2020,15879,20901,36.0827,-78.2857,69097,0.22980737224481526,0.30248780699596217
GASTON,2020,40959,73033,35.2944,-81.1803,229303,0.17862391682620812,0.3184999760142693
GATES,2020,2546,3367,36.4449,-76.7005,10437,0.24393982945290793,0.3226022803487592
GRAHAM,2020,905,3710,35.3502,-83.8335,8006,0.11304021983512366,0.4634024481638771
GRANVILLE,2020,14565,16647,36.304,-78.6527,60931,0.23904088230949763,0.27321068093417145
GREENE,2020,3832,4874,35.485,-77.6758,20331,0.18848064531995476,0.2397324283114456
GUILFORD,2020,173086,107294,36.0795,-79.7889,542353,0.31913901093936975,0.19783056422661993
HALIFAX,2020,15545,10080,36.2574,-77.6517,48431,0.32097210464371995,0.20813115566476018
HARNETT,2020,22093,35177,35.3688,-78.8693,133912,0.16498148037517177,0.26268743652547943
HAYWOOD,2020,13144,22834,35.556,-82.9822,62281,0.21104349641142564,0.36662866684863765
HENDERSON,2020,27211,40032,35.3363,-82.48,116567,0.233436564379284,0.34342481148180876
HERTFORD,2020,7097,3479,36.3591,-76.982,21258,0.3338507855866027,0.16365603537491769
HOKE,2020,11804,9453,35.0175,-79.2373,52507,0.22480812082198565,0.18003313843868438
HYDE,2020,1046,1418,35.5305,-76.2509,4589,0.22793636957942906,0.30899978208760076
IREDELL,2020,33888,67010,35.8071,-80.8734,188271,0.1799958570358685,0.3559231108349135
JACKSON,2020,9591,11356,35.2876,-83.1408,42810,0.22403644008409251,0.26526512497080124
JOHNSTON,2020,41257,68353,35.5178,-78.3657,218202,0.18907709370216588,0.3132556071896683
JONES,2020,2197,3280,35.0217,-77.3552,9149,0.2401355339381353,0.35850912668051155
LEE,2020,12143,16469,35.4752,-79.1715,63551,0.19107488473824172,0.25914619754213153
LENOIR,2020,13605,14590,35.2388,-77.6412,54924,0.2477059209088923,0.26563979316874226
LINCOLN,2020,13274,36341,35.4856,-81.2235,87298,0.152053884395977,0.41628674196430615
MACON,2020,6230,14211,35.1505,-83.4222,37022,0.16827832099832532,0.38385284425476746
MADISON,2020,4901,7979,35.858,-82.7058,21181,0.23138662008403757,0.37670553798215384
MARTIN,2020,5911,6532,35.8432,-77.1092,21902,0.26988402885581225,0.29823760387179254
MCDOWELL,2020,5832,16883,35.6817,-82.0493,44471,0.13114164286838614,0.3796406647028401
MECKLENBURG,2020,378107,179211,35.2467,-80.8328,1118744,0.3379745500311063,0.16018946246862553
MITCHELL,2020,1867,7090,36.0133,-82.1636,14875,0.1255126050420168,0.47663865546218487
MONTGOMERY,2020,4327,8411,35.3325,-79.9055,25685,0.16846408409577573,0.3274673934202842
MOORE,2020,20779,36764,35.3106,-79.4814,100535,0.20668423931963992,0.3656835927786343
NASH,2020,25947,25827,35.9673,-77.9864,95251,0.2724065889072031,0.2711467596140723
NEW HANOVER,2020,66138,63331,34.2328,-77.8847,226885,0.29150450668841044,0.2791326002159684
NORTHAMPTON,2020,6069,3989,36.4178,-77.3969,17344,0.3499192804428044,0.2299930811808118
ONSLOW,2020,24266,46078,34.7321,-77.4321,205421,0.11812813685066278,0.2243100754061172
ORANGE,2020,63594,20176,36.0611,-79.1207,148613,0.42791680404809807,0.1357620127445109
PAMLICO,2020,2713,4849,35.1435,-76.7407,12259,0.2213067950077494,0.3955461293743372
PASQUOTANK,2020,9832,9770,36.2955,-76.284,40668,0.24176256516179798,0.24023802498278746
PENDER,2020,11723,21956,34.5248,-77.9051,60719,0.19306971458686736,0.36160015810537066
PERQUIMANS,2020,2492,4903,36.2059,-76.4411,13017,0.19144196051317508,0.37666128908350616
PERSON,2020,8465,13184,36.39,-78.9718,39082,0.21659587533903077,0.337341998874162
PITT,2020,47252,38982,35.5933,-77.3745,171065,0.2762224885277526,0.22787829187735656
POLK,2020,4518,7689,35.2793,-82.1697,19363,0.23333161183700873,0.3970975571967154
RANDOLPH,2020,15618,56894,35.7103,-79.806,143945,0.10849977421931987,0.3952481850706867
RICHMOND,2020,8754,11830,35.0059,-79.7479,42966,0.20374249406507472,0.2753339850114044
ROBESON,2020,19020,27806,34.6402,-79.1039,116362,0.16345542359189427,0.2389611728914938
ROCKINGHAM,2020,15992,31301,36.396,-79.775,90939,0.1758541439866284,0.34419775893730964
ROWAN,2020,23114,49297,35.6394,-80.5247,147300,0.15691785471826206,0.33467073998642227
RUTHERFORD,2020,9135,24891,35.4026,-81.9198,64301,0.1420662198099563,0.3871012892490008
SAMPSON,2020,10966,17411,34.9916,-78.3714,58873,0.1862653508399436,0.2957382841030693
SCOTLAND,2020,7186,7473,34.8409,-79.4804,34051,0.21103638659657573,0.21946492026665884
STANLY,2020,8129,25458,35.3119,-80.251,62415,0.13024112793399023,0.40788272049987984
STOKES,2020,5286,20142,36.4019,-80.2397,44498,0.11879185581374443,0.4526495572834734
SURRY,2020,8721,27538,36.4146,-80.688,71169,0.12253930784470767,0.38693813317596143
SWAIN,2020,2780,4161,35.4868,-83.4928,14098,0.19719109093488438,0.29514824797843664
TRANSYLVANIA,2020,8444,11636,35.2021,-82.7982,32946,0.25629818490863837,0.3531839980574273
TYRRELL,2020,758,1044,35.8172,-76.209,3264,0.23223039215686275,0.31985294117647056
UNION,2020,48725,80382,34.9884,-80.5307,239915,0.20309276201988205,0.33504366129670926
VANCE,2020,12431,8391,36.3649,-78.4079,42344,0.29357169846967696,0.1981626676742868
WAKE,2020,393336,226197,35.7903,-78.6503,1135587,0.34637240475630665,0.1991894940678257
WARREN,2020,6400,3752,36.3965,-78.1067,18637,0.34340290819337876,0.2013199549283683
WASHINGTON,2020,3396,2781,35.8226,-76.5775,10928,0.31076134699853586,0.2544838945827233
WATAUGA,2020,17122,14451,36.2311,-81.6964,54259,0.31556055216646084,0.2663336957924031
WAYNE,2020,24215,30709,35.364,-78.004,116967,0.20702420340779878,0.26254413638034657
WILKES,2020,7511,27592,36.2062,-81.163,65764,0.11421142266285506,0.41956085396265436
WILSON,2020,20754,19581,35.7051,-77.9187,78859,0.2631785845623201,0.24830393487109906
YADKIN,2020,3763,15933,36.1605,-80.6652,37140,0.10131933225632742,0.4289983844911147
YANCEY,2020,3688,7516,35.8989,-82.3076,18433,0.20007595074051973,0.4077469755330114
